-- Adminer 4.8.1 MySQL 5.7.42-0ubuntu0.18.04.1 dump

SET NAMES utf8;
SET time_zone = '+00:00';
SET foreign_key_checks = 0;
SET sql_mode = 'NO_AUTO_VALUE_ON_ZERO';

DROP TABLE IF EXISTS `attendence`;
CREATE TABLE `attendence` (
  `id` int(11) NOT NULL AUTO_INCREMENT,
  `company_id` varchar(500) DEFAULT NULL,
  `store_id` varchar(500) DEFAULT NULL,
  `employer_name` varchar(500) DEFAULT NULL,
  `date` varchar(500) DEFAULT NULL,
  `in_time` varchar(500) DEFAULT NULL,
  `out_time` varchar(500) DEFAULT NULL,
  `employer_type` varchar(500) DEFAULT NULL,
  `attendence_status` varchar(500) DEFAULT NULL,
  `employee_status` varchar(500) DEFAULT NULL,
  PRIMARY KEY (`id`)
) ENGINE=InnoDB DEFAULT CHARSET=latin1;

INSERT INTO `attendence` (`id`, `company_id`, `store_id`, `employer_name`, `date`, `in_time`, `out_time`, `employer_type`, `attendence_status`, `employee_status`) VALUES
(788,	'48',	'37',	'Dheeraj kumar',	'01-03-2023',	'1677667448',	'1677667638',	'full_type',	'Out',	''),
(789,	'48',	'37',	'Antaryami',	'01-03-2023',	'1677667449',	'1677667639',	'full_type',	'Out',	''),
(790,	'48',	'37',	'Antaryami',	'01-03-2023',	'1677667450',	'1677667639',	'full_type',	'Out',	''),
(791,	'48',	'37',	'Avinash Chandra',	'01-03-2023',	'1677667452',	NULL,	'full_type',	'Present',	''),
(792,	'48',	'37',	'Deepak Mishra',	'01-03-2023',	'1677667453',	NULL,	'full_type',	'Weekly off',	''),
(793,	'48',	'37',	'Deepak',	'01-03-2023',	'1677667453',	NULL,	'full_type',	'Weekly off',	''),
(794,	'48',	'37',	'Prakash',	'01-03-2023',	'1677667454',	NULL,	'full_type',	'Weekly off',	''),
(795,	'48',	'37',	'Dhiraj Kumar',	'01-03-2023',	'1677667455',	NULL,	'full_type',	'Absent',	''),
(796,	'48',	'37',	'Deepak Mishra',	'01-03-2023',	'1677667456',	NULL,	'full_type',	'Absent',	''),
(797,	'48',	'37',	'Deepak 2',	'01-03-2023',	'1677667457',	NULL,	'full_type',	'Absent',	''),
(798,	'48',	'37',	'Prakash Kumar',	'01-03-2023',	'1677667461',	'1677667641',	'full_type',	'Out',	''),
(799,	'48',	'37',	'Arjun Kapoor',	'01-03-2023',	'1677667461',	'1677667642',	'full_type',	'Out',	''),
(800,	'48',	'37',	'karan mishra',	'01-03-2023',	'1677667463',	'1677667642',	'full_type',	'Out',	''),
(801,	'162',	'94',	'Mohd Gulab',	'01-04-2023',	'1680357034',	NULL,	'full_type',	'Check-In',	''),
(802,	'162',	'94',	'MANISH KUMAR',	'01-04-2023',	'1680357041',	NULL,	'full_type',	'Check-In',	''),
(803,	'162',	'94',	'Md Nasir',	'01-04-2023',	'1680357044',	'1680357070',	'full_type',	'Out',	''),
(804,	'162',	'94',	'Md Nasir',	'01-04-2023',	'1680357047',	'1680357070',	'full_type',	'Out',	''),
(805,	'162',	'94',	'Manish Kumar',	'01-04-2023',	'1680357050',	NULL,	'full_type',	'Absent',	''),
(806,	'162',	'94',	'Mohd Gulab',	'03-04-2023',	'1680503216',	NULL,	'full_type',	'Check-In',	''),
(807,	'162',	'94',	'MANISH KUMAR',	'03-04-2023',	'1680503222',	NULL,	'full_type',	'Check-In',	''),
(808,	'162',	'94',	'Md Nasir',	'03-04-2023',	'1680503227',	NULL,	'full_type',	'Check-In',	''),
(809,	'162',	'94',	'Md Parvez Ahmad',	'03-04-2023',	'1680503231',	NULL,	'full_type',	'Check-In',	''),
(810,	'162',	'94',	'Mohmmad Shareef',	'03-04-2023',	'1680503234',	NULL,	'full_type',	'Check-In',	''),
(811,	'162',	'94',	'MANISH KUMAR',	'04-04-2023',	'1680586377',	NULL,	'full_type',	'Check-In',	''),
(812,	'162',	'94',	'Md Nasir',	'04-04-2023',	'1680586384',	NULL,	'full_type',	'Check-In',	''),
(813,	'162',	'94',	'Mohmmad Shareef',	'04-04-2023',	'1680586389',	NULL,	'full_type',	'Check-In',	''),
(814,	'162',	'94',	'Mohd Gulab',	'04-04-2023',	'1680586395',	NULL,	'full_type',	'Check-In',	''),
(815,	'162',	'94',	'Md Parvez Ahmad',	'04-04-2023',	'1680586406',	NULL,	'full_type',	'Check-In',	''),
(816,	'162',	'94',	'Mohd Gulab',	'05-04-2023',	'1680672936',	NULL,	'full_type',	'Check-In',	''),
(817,	'162',	'94',	'MANISH KUMAR',	'05-04-2023',	'1680672940',	NULL,	'full_type',	'Check-In',	''),
(818,	'162',	'94',	'Md Nasir',	'05-04-2023',	'1680672945',	NULL,	'full_type',	'Check-In',	''),
(819,	'162',	'94',	'Mohmmad Shareef',	'05-04-2023',	'1680672951',	NULL,	'full_type',	'Check-In',	''),
(820,	'162',	'94',	'Md Parvez Ahmad',	'05-04-2023',	'1680673185',	NULL,	'full_type',	'Check-In',	''),
(821,	'162',	'94',	'Mohd Gulab',	'06-04-2023',	'1680760110',	NULL,	'full_type',	'Check-In',	''),
(822,	'162',	'94',	'MANISH KUMAR',	'06-04-2023',	'1680760110',	NULL,	'full_type',	'Check-In',	''),
(823,	'162',	'94',	'Md Nasir',	'06-04-2023',	'1680760110',	NULL,	'full_type',	'Check-In',	''),
(824,	'162',	'94',	'Md Parvez Ahmad',	'06-04-2023',	'1680760110',	NULL,	'full_type',	'Check-In',	''),
(825,	'162',	'94',	'Mohmmad Shareef',	'06-04-2023',	'1680760115',	NULL,	'full_type',	'Check-In',	''),
(826,	'162',	'94',	'Mohd Gulab',	'07-04-2023',	'1680845405',	NULL,	'full_type',	'Check-In',	''),
(827,	'162',	'94',	'MANISH KUMAR',	'07-04-2023',	'1680845406',	NULL,	'full_type',	'Check-In',	''),
(828,	'162',	'94',	'Md Nasir',	'07-04-2023',	'1680845410',	NULL,	'full_type',	'Check-In',	''),
(829,	'162',	'94',	'Md Parvez Ahmad',	'07-04-2023',	'1680845413',	NULL,	'full_type',	'Check-In',	''),
(830,	'162',	'94',	'Mohmmad Shareef',	'07-04-2023',	'1680845419',	NULL,	'full_type',	'Check-In',	''),
(831,	'162',	'94',	'Mohd Gulab',	'08-04-2023',	'1680931901',	NULL,	'full_type',	'Check-In',	''),
(832,	'162',	'94',	'MANISH KUMAR',	'08-04-2023',	'1680931902',	NULL,	'full_type',	'Check-In',	''),
(833,	'162',	'94',	'Md Nasir',	'08-04-2023',	'1680931904',	NULL,	'full_type',	'Check-In',	''),
(834,	'162',	'94',	'Mohmmad Shareef',	'08-04-2023',	'1680931908',	NULL,	'full_type',	'Check-In',	''),
(835,	'162',	'94',	'Md Parvez Ahmad',	'08-04-2023',	'1680932377',	NULL,	'full_type',	'Check-In',	''),
(836,	'162',	'94',	'Mohd Gulab',	'10-04-2023',	'1681105508',	NULL,	'full_type',	'Check-In',	''),
(837,	'162',	'94',	'MANISH KUMAR',	'10-04-2023',	'1681105511',	NULL,	'full_type',	'Check-In',	''),
(838,	'162',	'94',	'Md Nasir',	'10-04-2023',	'1681105515',	NULL,	'full_type',	'Check-In',	''),
(839,	'162',	'94',	'Md Parvez Ahmad',	'10-04-2023',	'1681105519',	NULL,	'full_type',	'Check-In',	''),
(840,	'162',	'94',	'Mohmmad Shareef',	'10-04-2023',	'1681105522',	NULL,	'full_type',	'Check-In',	''),
(841,	'162',	'94',	'MANISH KUMAR',	'11-04-2023',	'1681191496',	NULL,	'full_type',	'Check-In',	''),
(842,	'162',	'94',	'Md Nasir',	'11-04-2023',	'1681191497',	NULL,	'full_type',	'Check-In',	''),
(843,	'162',	'94',	'Md Parvez Ahmad',	'11-04-2023',	'1681191501',	NULL,	'full_type',	'Check-In',	''),
(844,	'162',	'94',	'Mohmmad Shareef',	'11-04-2023',	'1681191503',	NULL,	'full_type',	'Check-In',	''),
(845,	'162',	'94',	'Mohd Gulab',	'11-04-2023',	'1681191508',	NULL,	'full_type',	'Check-In',	''),
(846,	'162',	'94',	'Mohd Gulab',	'12-04-2023',	'1681279014',	NULL,	'full_type',	'Check-In',	''),
(847,	'162',	'94',	'MANISH KUMAR',	'12-04-2023',	'1681279015',	NULL,	'full_type',	'Check-In',	''),
(848,	'162',	'94',	'Md Nasir',	'12-04-2023',	'1681279020',	NULL,	'full_type',	'Check-In',	''),
(849,	'162',	'94',	'Md Parvez Ahmad',	'12-04-2023',	'1681279023',	NULL,	'full_type',	'Check-In',	''),
(850,	'162',	'94',	'Mohmmad Shareef',	'12-04-2023',	'1681279026',	NULL,	'full_type',	'Check-In',	''),
(851,	'162',	'94',	'Mohd Gulab',	'13-04-2023',	'1681365473',	NULL,	'full_type',	'Check-In',	''),
(852,	'162',	'94',	'MANISH KUMAR',	'13-04-2023',	'1681365473',	NULL,	'full_type',	'Check-In',	''),
(853,	'162',	'94',	'Md Nasir',	'13-04-2023',	'1681365476',	NULL,	'full_type',	'Check-In',	''),
(854,	'162',	'94',	'Md Parvez Ahmad',	'13-04-2023',	'1681365479',	NULL,	'full_type',	'Check-In',	''),
(855,	'162',	'94',	'Mohmmad Shareef',	'13-04-2023',	'1681365480',	NULL,	'full_type',	'Check-In',	''),
(856,	'162',	'94',	'Mohd Gulab',	'14-04-2023',	'1681450566',	NULL,	'full_type',	'Check-In',	''),
(857,	'162',	'94',	'MANISH KUMAR',	'14-04-2023',	'1681450567',	NULL,	'full_type',	'Check-In',	''),
(858,	'162',	'94',	'Md Nasir',	'14-04-2023',	'1681450570',	NULL,	'full_type',	'Check-In',	''),
(859,	'162',	'94',	'Md Parvez Ahmad',	'14-04-2023',	'1681450574',	NULL,	'full_type',	'Check-In',	''),
(860,	'162',	'94',	'Mohd Gulab',	'15-04-2023',	'1681541738',	NULL,	'full_type',	'Check-In',	''),
(861,	'162',	'94',	'MANISH KUMAR',	'15-04-2023',	'1681541739',	NULL,	'full_type',	'Check-In',	''),
(862,	'162',	'94',	'Md Parvez Ahmad',	'15-04-2023',	'1681541742',	NULL,	'full_type',	'Check-In',	''),
(863,	'162',	'94',	'Manish Kumar',	'15-04-2023',	'1681541745',	NULL,	'full_type',	'Check-In',	''),
(864,	'162',	'94',	'Mohmmad Shareef',	'15-04-2023',	'1681541746',	NULL,	'full_type',	'Check-In',	''),
(865,	'162',	'94',	'Md Nasir',	'15-04-2023',	'1681541749',	NULL,	'full_type',	'Check-In',	''),
(866,	'162',	'94',	'Mohd Gulab',	'17-04-2023',	'1681710911',	NULL,	'full_type',	'Check-In',	''),
(867,	'162',	'94',	'MANISH KUMAR',	'17-04-2023',	'1681710914',	NULL,	'full_type',	'Check-In',	''),
(868,	'162',	'94',	'Md Nasir',	'17-04-2023',	'1681710916',	NULL,	'full_type',	'Check-In',	''),
(869,	'162',	'94',	'Md Parvez Ahmad',	'17-04-2023',	'1681710919',	NULL,	'full_type',	'Check-In',	''),
(870,	'162',	'94',	'Mohmmad Shareef',	'17-04-2023',	'1681710923',	NULL,	'full_type',	'Check-In',	''),
(871,	'162',	'94',	'Mohd Gulab',	'18-04-2023',	'1681796385',	NULL,	'full_type',	'Check-In',	''),
(872,	'162',	'94',	'MANISH KUMAR',	'18-04-2023',	'1681796388',	NULL,	'full_type',	'Check-In',	''),
(873,	'162',	'94',	'Md Nasir',	'18-04-2023',	'1681796390',	NULL,	'full_type',	'Check-In',	''),
(874,	'162',	'94',	'Md Parvez Ahmad',	'18-04-2023',	'1681796393',	NULL,	'full_type',	'Check-In',	''),
(875,	'162',	'94',	'Mohmmad Shareef',	'18-04-2023',	'1681796397',	NULL,	'full_type',	'Check-In',	''),
(876,	'48',	'37',	'Antaryami',	'20-04-2023',	'1681960894',	NULL,	'full_type',	'Absent',	''),
(877,	'48',	'37',	'Antaryami',	'20-04-2023',	'1681960896',	NULL,	'full_type',	'Absent',	''),
(878,	'48',	'37',	'Dheeraj kumar',	'20-04-2023',	'1681960901',	NULL,	'full_type',	'Check-In',	''),
(879,	'48',	'37',	'Antaryami',	'20-04-2023',	'1681960903',	NULL,	'full_type',	'Check-In',	''),
(880,	'48',	'37',	'Dheeraj kumar',	'22-04-2023',	'1682147469',	NULL,	'full_type',	'Absent',	''),
(881,	'48',	'37',	'Antaryami',	'22-04-2023',	'1682147470',	NULL,	'full_type',	'Weekly off',	''),
(882,	'48',	'37',	'Dheeraj kumar',	'22-04-2023',	'1682147473',	NULL,	'full_type',	'Absent',	''),
(883,	'48',	'37',	'Antaryami',	'22-04-2023',	'1682147474',	NULL,	'full_type',	'Absent',	''),
(884,	'48',	'37',	'Avinash Chandra',	'22-04-2023',	'1682147474',	NULL,	'full_type',	'Absent',	''),
(885,	'48',	'37',	'Deepak Mishra',	'22-04-2023',	'1682147475',	NULL,	'full_type',	'Absent',	''),
(886,	'48',	'37',	'Deepak',	'22-04-2023',	'1682147477',	NULL,	'full_type',	'Check-In',	''),
(887,	'48',	'37',	'Prakash Kumar',	'22-04-2023',	'1682147479',	NULL,	'full_type',	'Check-In',	''),
(888,	'48',	'37',	'Arjun Kapoor',	'22-04-2023',	'1682147480',	NULL,	'full_type',	'Check-In',	''),
(889,	'48',	'37',	'karan mishra',	'22-04-2023',	'1682147483',	NULL,	'full_type',	'Check-In',	''),
(890,	'48',	'37',	'Deepak 2',	'22-04-2023',	'1682147484',	NULL,	'full_type',	'Check-In',	''),
(891,	'48',	'37',	'Deepak Mishra',	'22-04-2023',	'1682147485',	NULL,	'full_type',	'Check-In',	''),
(892,	'48',	'37',	'Dhiraj Kumar',	'22-04-2023',	'1682147485',	NULL,	'full_type',	'Check-In',	''),
(893,	'48',	'37',	'Prakash',	'22-04-2023',	'1682147486',	'1682147491',	'full_type',	'Out',	''),
(894,	'145',	'77',	'Kundan',	'13-05-2023',	'1683983737',	'1683983743',	'full_type',	'Out',	''),
(895,	'145',	'77',	'Shashi Kumar Sina',	'13-05-2023',	'1683983764',	NULL,	'full_type',	'Absent',	''),
(896,	'145',	'77',	'Avinash Jha',	'13-05-2023',	'1683983839',	'1683983842',	'full_type',	'Out',	''),
(897,	'145',	'77',	'Kundan',	'17-05-2023',	'1684316837',	'1684316840',	'full_type',	'Out',	'');

DROP TABLE IF EXISTS `company`;
CREATE TABLE `company` (
  `id` int(15) NOT NULL AUTO_INCREMENT,
  `company_name` varchar(250) DEFAULT NULL,
  `name` varchar(250) DEFAULT NULL,
  `email` varchar(250) NOT NULL,
  `mobile` varchar(155) DEFAULT NULL,
  `password` varchar(255) DEFAULT NULL,
  `i_cat` int(11) DEFAULT NULL,
  `i_subcat` int(11) DEFAULT NULL,
  `business_type` int(11) DEFAULT NULL,
  `profile_photo` varchar(255) DEFAULT NULL,
  `create_at` int(11) NOT NULL,
  `update_at` timestamp NOT NULL DEFAULT CURRENT_TIMESTAMP ON UPDATE CURRENT_TIMESTAMP,
  `status` enum('0','1') NOT NULL DEFAULT '1' COMMENT '1=enable;2=disable',
  `is_suspend` enum('0','1') NOT NULL DEFAULT '0' COMMENT '0=>not suspend, 1=>suspend',
  `is_delete` enum('1','0') NOT NULL DEFAULT '1' COMMENT '1=not_delete;0=delete',
  `language` varchar(10) DEFAULT NULL,
  `rewards_value` decimal(14,2) DEFAULT NULL,
  `referred_name` varchar(200) DEFAULT NULL,
  `referred_mobile` varchar(20) DEFAULT NULL,
  `delivery_upto` int(11) NOT NULL DEFAULT '0',
  `delivery_charge` int(11) NOT NULL DEFAULT '0',
  `account_holder_name` varchar(255) DEFAULT NULL,
  `account_number` varchar(100) DEFAULT NULL,
  `canceled_check` varchar(255) DEFAULT NULL,
  `ifsc_code` varchar(155) DEFAULT NULL,
  `bank_name` varchar(155) DEFAULT NULL,
  `bank_branch` varchar(155) DEFAULT NULL,
  `bank_city` varchar(155) DEFAULT NULL,
  `bank_state` varchar(155) DEFAULT NULL,
  `business_pan_no` varchar(20) DEFAULT NULL,
  `business_pan_doc` varchar(255) DEFAULT NULL,
  `business_name_of_pan` varchar(155) DEFAULT NULL,
  `business_trade_name` varchar(155) DEFAULT NULL,
  `business_industry` int(11) DEFAULT NULL,
  `business_sub_industry` int(11) DEFAULT NULL,
  `business_type_of_entity` int(11) DEFAULT NULL,
  `business_gstin` tinyint(2) DEFAULT NULL,
  `business_gstin_no` varchar(100) DEFAULT NULL,
  `business_gstin_certificate` varchar(255) DEFAULT NULL,
  `business_signature` varchar(255) DEFAULT NULL,
  `business_pincode` varchar(55) DEFAULT NULL,
  `business_city` varchar(100) DEFAULT NULL,
  `business_state` varchar(100) DEFAULT NULL,
  `bussiness_address_proofe` varchar(255) DEFAULT NULL,
  `business_working_hour_to` varchar(55) DEFAULT NULL,
  `business_working_hour_from` varchar(55) DEFAULT NULL,
  `business_weekly_off` varchar(55) DEFAULT NULL,
  `logo` varchar(255) DEFAULT NULL,
  `about_content` text,
  `shopkeeper_content` text,
  `about_heading` varchar(255) DEFAULT NULL,
  `shopkeeper_heading` varchar(255) DEFAULT NULL,
  `is_main` int(11) NOT NULL DEFAULT '0',
  `main_logo` varchar(255) DEFAULT NULL,
  `request_logo_time` int(11) DEFAULT NULL,
  `request_logo_comment` text,
  `side_panel_logo` varchar(255) DEFAULT NULL,
  `facebook_link` text,
  `twitter_link` text,
  `instagram_link` text,
  `youtube_link` text,
  `whatsup_link` text,
  `google_play_store` text,
  `apple_play_store` text,
  `is_invoice_content` int(11) NOT NULL DEFAULT '0',
  `request_invoice_content_time` int(11) DEFAULT NULL,
  `request_invoice_content_comment` text,
  `invoice_terms` text,
  `invoice_no` varchar(55) DEFAULT NULL,
  `invoice_logo` varchar(255) DEFAULT NULL,
  `c_limit` enum('1','2') NOT NULL DEFAULT '2',
  `pos_calender` enum('1','2') NOT NULL DEFAULT '2',
  `is_franchise` enum('1','0') NOT NULL,
  `is_google_analytics` tinyint(4) NOT NULL DEFAULT '0',
  PRIMARY KEY (`id`)
) ENGINE=InnoDB DEFAULT CHARSET=latin1;

INSERT INTO `company` (`id`, `company_name`, `name`, `email`, `mobile`, `password`, `i_cat`, `i_subcat`, `business_type`, `profile_photo`, `create_at`, `update_at`, `status`, `is_suspend`, `is_delete`, `language`, `rewards_value`, `referred_name`, `referred_mobile`, `delivery_upto`, `delivery_charge`, `account_holder_name`, `account_number`, `canceled_check`, `ifsc_code`, `bank_name`, `bank_branch`, `bank_city`, `bank_state`, `business_pan_no`, `business_pan_doc`, `business_name_of_pan`, `business_trade_name`, `business_industry`, `business_sub_industry`, `business_type_of_entity`, `business_gstin`, `business_gstin_no`, `business_gstin_certificate`, `business_signature`, `business_pincode`, `business_city`, `business_state`, `bussiness_address_proofe`, `business_working_hour_to`, `business_working_hour_from`, `business_weekly_off`, `logo`, `about_content`, `shopkeeper_content`, `about_heading`, `shopkeeper_heading`, `is_main`, `main_logo`, `request_logo_time`, `request_logo_comment`, `side_panel_logo`, `facebook_link`, `twitter_link`, `instagram_link`, `youtube_link`, `whatsup_link`, `google_play_store`, `apple_play_store`, `is_invoice_content`, `request_invoice_content_time`, `request_invoice_content_comment`, `invoice_terms`, `invoice_no`, `invoice_logo`, `c_limit`, `pos_calender`, `is_franchise`, `is_google_analytics`) VALUES
(3,	'Jindal Store',	'Sharad Kumar',	'sharad12oc@gmail.com',	'8709881872',	'1234567890',	64,	2,	1,	NULL,	1587038376,	'2022-04-01 04:39:34',	'1',	'0',	'0',	'en',	1.00,	NULL,	NULL,	0,	0,	NULL,	NULL,	NULL,	NULL,	NULL,	NULL,	NULL,	NULL,	NULL,	NULL,	NULL,	NULL,	NULL,	NULL,	NULL,	NULL,	NULL,	NULL,	NULL,	NULL,	NULL,	NULL,	NULL,	NULL,	NULL,	NULL,	NULL,	NULL,	NULL,	NULL,	NULL,	0,	NULL,	NULL,	NULL,	NULL,	NULL,	NULL,	NULL,	NULL,	NULL,	NULL,	NULL,	0,	NULL,	NULL,	NULL,	NULL,	NULL,	'2',	'2',	'1',	0),
(5,	'Vipin Vegetables',	'Vipin Yadav',	'vipinveg@aspl.tech',	'9560783603',	'1234567890',	64,	3,	2,	'1588002748.png',	1587747861,	'2022-04-01 04:39:34',	'1',	'0',	'0',	'en',	NULL,	NULL,	NULL,	0,	0,	NULL,	NULL,	NULL,	NULL,	NULL,	NULL,	NULL,	NULL,	NULL,	NULL,	NULL,	NULL,	NULL,	NULL,	NULL,	NULL,	NULL,	NULL,	NULL,	NULL,	NULL,	NULL,	NULL,	NULL,	NULL,	NULL,	NULL,	NULL,	NULL,	NULL,	NULL,	0,	NULL,	NULL,	NULL,	NULL,	NULL,	NULL,	NULL,	NULL,	NULL,	NULL,	NULL,	0,	NULL,	NULL,	NULL,	NULL,	NULL,	'2',	'2',	'1',	0),
(6,	'Pawan store',	'Pawan Gupta',	'pawanstoresector16@gmail.com',	'7678242187',	'aespg5135q',	64,	2,	2,	NULL,	1588146938,	'2022-04-01 04:39:34',	'1',	'0',	'1',	'en',	NULL,	NULL,	NULL,	0,	0,	NULL,	NULL,	NULL,	NULL,	NULL,	NULL,	NULL,	NULL,	NULL,	NULL,	NULL,	NULL,	NULL,	NULL,	NULL,	NULL,	NULL,	NULL,	NULL,	NULL,	NULL,	NULL,	NULL,	NULL,	NULL,	NULL,	NULL,	NULL,	NULL,	NULL,	NULL,	0,	NULL,	NULL,	NULL,	NULL,	NULL,	NULL,	NULL,	NULL,	NULL,	NULL,	NULL,	0,	NULL,	NULL,	NULL,	NULL,	NULL,	'2',	'2',	'1',	0),
(7,	'Medi Call Shop',	'Saurabh Mittal',	'saurabhmittal.29@gmail.com',	'9871429090',	'123456',	67,	5,	2,	NULL,	1588172477,	'2022-04-01 04:39:34',	'1',	'0',	'1',	NULL,	NULL,	NULL,	NULL,	0,	0,	NULL,	NULL,	NULL,	NULL,	NULL,	NULL,	NULL,	NULL,	NULL,	NULL,	NULL,	NULL,	NULL,	NULL,	NULL,	NULL,	NULL,	NULL,	NULL,	NULL,	NULL,	NULL,	NULL,	NULL,	NULL,	NULL,	NULL,	NULL,	NULL,	NULL,	NULL,	0,	NULL,	NULL,	NULL,	NULL,	NULL,	NULL,	NULL,	NULL,	NULL,	NULL,	NULL,	0,	NULL,	NULL,	NULL,	NULL,	NULL,	'2',	'2',	'1',	0),
(8,	'In & out convenience store',	'Puneet Kapil',	'inout44@gmail.com',	'9268825555',	'3211',	64,	3,	2,	NULL,	1588300101,	'2022-04-01 04:39:34',	'1',	'0',	'1',	NULL,	NULL,	'Sunil',	'+919315030874',	0,	0,	NULL,	NULL,	NULL,	NULL,	NULL,	NULL,	NULL,	NULL,	NULL,	NULL,	NULL,	NULL,	NULL,	NULL,	NULL,	NULL,	NULL,	NULL,	NULL,	NULL,	NULL,	NULL,	NULL,	NULL,	NULL,	NULL,	NULL,	NULL,	NULL,	NULL,	NULL,	0,	NULL,	NULL,	NULL,	NULL,	NULL,	NULL,	NULL,	NULL,	NULL,	NULL,	NULL,	0,	NULL,	NULL,	NULL,	NULL,	NULL,	'2',	'2',	'1',	0),
(13,	'Devraj',	'Devendra Kumar Soni',	'devendraksoni143@gmail.com',	'9601118552',	'Devsoni@1',	64,	3,	2,	NULL,	1588316267,	'2022-04-01 04:39:34',	'1',	'0',	'1',	NULL,	NULL,	NULL,	NULL,	0,	0,	NULL,	NULL,	NULL,	NULL,	NULL,	NULL,	NULL,	NULL,	NULL,	NULL,	NULL,	NULL,	NULL,	NULL,	NULL,	NULL,	NULL,	NULL,	NULL,	NULL,	NULL,	NULL,	NULL,	NULL,	NULL,	NULL,	NULL,	NULL,	NULL,	NULL,	NULL,	0,	NULL,	NULL,	NULL,	NULL,	NULL,	NULL,	NULL,	NULL,	NULL,	NULL,	NULL,	0,	NULL,	NULL,	NULL,	NULL,	NULL,	'2',	'2',	'1',	0),
(15,	'Gyan ganga enterprises',	'Sonu kumar',	'sadhana8700@gmail.com',	'8595123320',	'sanjeev@1992',	64,	2,	1,	NULL,	1588393252,	'2022-04-01 04:39:34',	'1',	'0',	'1',	'en',	NULL,	'Sonu kumar',	'8595123320',	0,	0,	NULL,	NULL,	NULL,	NULL,	NULL,	NULL,	NULL,	NULL,	NULL,	NULL,	NULL,	NULL,	NULL,	NULL,	NULL,	NULL,	NULL,	NULL,	NULL,	NULL,	NULL,	NULL,	NULL,	NULL,	NULL,	NULL,	NULL,	NULL,	NULL,	NULL,	NULL,	0,	NULL,	NULL,	NULL,	NULL,	NULL,	NULL,	NULL,	NULL,	NULL,	NULL,	NULL,	0,	NULL,	NULL,	NULL,	NULL,	NULL,	'2',	'2',	'1',	0),
(16,	'Krish Supermart',	'Sahil',	'avinash@aspl.tech',	'9667381231',	'1234567890',	64,	2,	2,	NULL,	1588516186,	'2022-04-01 04:39:34',	'0',	'0',	'1',	'en',	1.00,	NULL,	NULL,	2500,	100,	NULL,	NULL,	NULL,	NULL,	NULL,	NULL,	NULL,	NULL,	'AHEPK7715K',	NULL,	'Antaryami',	'Test',	NULL,	NULL,	NULL,	1,	'10AHEPK7715K3Z4',	NULL,	NULL,	'803119',	'NALANDA',	'Bihar',	NULL,	'9:00 AM',	'6:30 PM',	'sunday',	'',	NULL,	NULL,	NULL,	NULL,	1,	'1597987371logo.jpg',	1599820517,	'Hi admin I have required Orders Content Change',	'',	'https://www.facebook.com/',	NULL,	NULL,	NULL,	NULL,	NULL,	NULL,	1,	1599820489,	'Hi admin I have required Main logo.',	'Test',	'7291843310',	'',	'2',	'2',	'1',	0),
(17,	'Pawan Store',	'Pawan Gupta',	'muskancapital@gmail.com',	'9990054960',	'123456789',	64,	2,	2,	NULL,	1589112751,	'2022-04-01 04:39:34',	'1',	'0',	'1',	'en',	NULL,	'Avinash',	'9650861174',	0,	0,	NULL,	NULL,	NULL,	NULL,	NULL,	NULL,	NULL,	NULL,	NULL,	NULL,	NULL,	NULL,	NULL,	NULL,	NULL,	NULL,	NULL,	NULL,	NULL,	NULL,	NULL,	NULL,	NULL,	NULL,	NULL,	NULL,	NULL,	NULL,	NULL,	NULL,	NULL,	0,	NULL,	NULL,	NULL,	NULL,	NULL,	NULL,	NULL,	NULL,	NULL,	NULL,	NULL,	0,	NULL,	NULL,	NULL,	NULL,	NULL,	'2',	'2',	'1',	0),
(18,	'HARI OM COMPUTER',	'Rahul Kumar',	'bardahaa@gmail.com',	'9431633394',	'HariOm@12',	67,	5,	2,	NULL,	1589281859,	'2022-04-01 04:39:34',	'1',	'0',	'1',	NULL,	NULL,	'Pintu kumar',	'8969993699',	0,	0,	NULL,	NULL,	NULL,	NULL,	NULL,	NULL,	NULL,	NULL,	NULL,	NULL,	NULL,	NULL,	NULL,	NULL,	NULL,	NULL,	NULL,	NULL,	NULL,	NULL,	NULL,	NULL,	NULL,	NULL,	NULL,	NULL,	NULL,	NULL,	NULL,	NULL,	NULL,	0,	NULL,	NULL,	NULL,	NULL,	NULL,	NULL,	NULL,	NULL,	NULL,	NULL,	NULL,	0,	NULL,	NULL,	NULL,	NULL,	NULL,	'2',	'2',	'1',	0),
(19,	'Om general store',	'Monu',	'abhimishra401@gmail.com',	'9540394059',	'12345',	64,	2,	1,	NULL,	1589354726,	'2022-04-01 04:39:34',	'1',	'0',	'1',	NULL,	NULL,	'Awdhesh',	'7834834333',	0,	0,	NULL,	NULL,	NULL,	NULL,	NULL,	NULL,	NULL,	NULL,	NULL,	NULL,	NULL,	NULL,	NULL,	NULL,	NULL,	NULL,	NULL,	NULL,	NULL,	NULL,	NULL,	NULL,	NULL,	NULL,	NULL,	NULL,	NULL,	NULL,	NULL,	NULL,	NULL,	0,	NULL,	NULL,	NULL,	NULL,	NULL,	NULL,	NULL,	NULL,	NULL,	NULL,	NULL,	0,	NULL,	NULL,	NULL,	NULL,	NULL,	'2',	'2',	'1',	0),
(20,	'Shiv shakti safal Mandi',	'Balwan Singh',	'balwans1971@gmail.com',	'9013647110',	'1234567890',	64,	2,	2,	NULL,	1589966869,	'2022-04-01 04:39:34',	'1',	'0',	'0',	'en',	NULL,	NULL,	NULL,	0,	0,	NULL,	NULL,	NULL,	NULL,	NULL,	NULL,	NULL,	NULL,	NULL,	NULL,	NULL,	NULL,	NULL,	NULL,	NULL,	NULL,	NULL,	NULL,	NULL,	NULL,	NULL,	NULL,	NULL,	NULL,	NULL,	NULL,	NULL,	NULL,	NULL,	NULL,	NULL,	0,	NULL,	NULL,	NULL,	NULL,	NULL,	NULL,	NULL,	NULL,	NULL,	NULL,	NULL,	0,	NULL,	NULL,	NULL,	NULL,	NULL,	'2',	'2',	'1',	0),
(21,	'Ashish',	'Kumar',	'shaeljha4@gmail.com',	'+919599753484',	'hellowworld@223',	64,	2,	2,	NULL,	1590253082,	'2022-04-01 04:39:34',	'1',	'0',	'1',	NULL,	NULL,	'Ashish Jha',	'+919599753484',	0,	0,	NULL,	NULL,	NULL,	NULL,	NULL,	NULL,	NULL,	NULL,	NULL,	NULL,	NULL,	NULL,	NULL,	NULL,	NULL,	NULL,	NULL,	NULL,	NULL,	NULL,	NULL,	NULL,	NULL,	NULL,	NULL,	NULL,	NULL,	NULL,	NULL,	NULL,	NULL,	0,	NULL,	NULL,	NULL,	NULL,	NULL,	NULL,	NULL,	NULL,	NULL,	NULL,	NULL,	0,	NULL,	NULL,	NULL,	NULL,	NULL,	'2',	'2',	'1',	0),
(22,	'Mahesh Traders',	'Bhavesh Jain',	'wwwbhaveshjain69@gmail.com',	'8779797634',	'8779797634bvj',	64,	2,	2,	NULL,	1591115322,	'2022-04-01 04:39:34',	'1',	'0',	'1',	NULL,	NULL,	'Bhavesh Jain',	'8779797634',	0,	0,	NULL,	NULL,	NULL,	NULL,	NULL,	NULL,	NULL,	NULL,	NULL,	NULL,	NULL,	NULL,	NULL,	NULL,	NULL,	NULL,	NULL,	NULL,	NULL,	NULL,	NULL,	NULL,	NULL,	NULL,	NULL,	NULL,	NULL,	NULL,	NULL,	NULL,	NULL,	0,	NULL,	NULL,	NULL,	NULL,	NULL,	NULL,	NULL,	NULL,	NULL,	NULL,	NULL,	0,	NULL,	NULL,	NULL,	NULL,	NULL,	'2',	'2',	'1',	0),
(25,	'Rajdhani',	'Avinash Kumar Jha',	'avinash25oct@gmail.com',	'9650861174',	'1234567890',	64,	2,	2,	NULL,	1591589504,	'2022-04-01 04:39:34',	'1',	'0',	'0',	NULL,	NULL,	NULL,	NULL,	0,	0,	NULL,	NULL,	NULL,	NULL,	NULL,	NULL,	NULL,	NULL,	NULL,	NULL,	NULL,	NULL,	NULL,	NULL,	NULL,	NULL,	NULL,	NULL,	NULL,	NULL,	NULL,	NULL,	NULL,	NULL,	NULL,	NULL,	NULL,	NULL,	NULL,	NULL,	NULL,	0,	NULL,	NULL,	NULL,	NULL,	NULL,	NULL,	NULL,	NULL,	NULL,	NULL,	NULL,	0,	NULL,	NULL,	NULL,	NULL,	NULL,	'2',	'2',	'1',	0),
(29,	'Avinash',	'Avinash Kumar Jha',	'admin@rewardsplus.in',	'9871817787',	'1234567890',	64,	2,	2,	NULL,	1591593873,	'2023-03-27 10:46:30',	'1',	'0',	'1',	'en',	NULL,	NULL,	NULL,	0,	0,	NULL,	NULL,	NULL,	NULL,	NULL,	NULL,	NULL,	NULL,	NULL,	NULL,	NULL,	NULL,	NULL,	NULL,	NULL,	NULL,	NULL,	NULL,	NULL,	NULL,	NULL,	NULL,	NULL,	NULL,	NULL,	NULL,	NULL,	NULL,	NULL,	NULL,	NULL,	0,	NULL,	NULL,	NULL,	NULL,	NULL,	NULL,	NULL,	NULL,	NULL,	NULL,	NULL,	0,	NULL,	NULL,	NULL,	NULL,	NULL,	'2',	'2',	'1',	0),
(30,	'Test Company',	'Antaryami',	'kumarantaryami1@gmail.com',	'7291843311',	'123456',	65,	11,	1,	NULL,	1591595468,	'2022-04-01 04:39:34',	'1',	'0',	'1',	'en',	NULL,	NULL,	NULL,	0,	0,	'Antaryami',	'12345678901',	NULL,	'KVGB0001001',	'KARNATAKA VIKAS GRAMEENA BANK',	'BADAMI',	'BAGALKOT',	'KARNATAKA',	NULL,	NULL,	NULL,	NULL,	NULL,	NULL,	NULL,	NULL,	NULL,	NULL,	NULL,	NULL,	NULL,	NULL,	NULL,	NULL,	NULL,	NULL,	NULL,	NULL,	NULL,	NULL,	NULL,	0,	NULL,	NULL,	NULL,	NULL,	NULL,	NULL,	NULL,	NULL,	NULL,	NULL,	NULL,	0,	NULL,	NULL,	NULL,	NULL,	NULL,	'2',	'2',	'1',	0),
(31,	'New Company',	'Avinash Kumar Jha',	'avinash25oct@gmail.com',	'9650861174',	'1234567890',	64,	2,	1,	NULL,	1591596164,	'2022-04-01 04:39:34',	'1',	'0',	'1',	'en',	NULL,	NULL,	NULL,	0,	0,	'Awdhesh Jha',	'464646',	'',	'5s5df4',	'HDFC',	'Delhi Main branch',	'Delhi',	'Delhi',	'fs4f6dsf',	'',	'Awdhesh Jha',	NULL,	NULL,	NULL,	NULL,	NULL,	'4654646546',	'',	NULL,	'121003',	'Faridabad',	'Haryana',	'',	NULL,	NULL,	NULL,	NULL,	NULL,	NULL,	NULL,	NULL,	0,	NULL,	NULL,	NULL,	NULL,	NULL,	NULL,	NULL,	NULL,	NULL,	NULL,	NULL,	0,	NULL,	NULL,	NULL,	NULL,	NULL,	'2',	'2',	'1',	0),
(32,	'Rajdhani In&Out',	'Vikash Kumar',	'vikash_rai80@yahoo.co.in',	'9931040015',	'1234567890',	64,	2,	2,	NULL,	1591596359,	'2022-04-01 04:39:34',	'1',	'0',	'1',	'en',	1.00,	NULL,	NULL,	0,	0,	'RAJDHANI IN AND OUT',	'30904346371',	NULL,	'SBIN0011675',	'STATE BANK OF INDIA',	'SAGUNA',	'PATNA',	'BIHAR',	'AHEPK7715K',	'1593072333.jpg',	'VIKASHkumar',	'RajdhaniInandout',	NULL,	NULL,	NULL,	1,	'10AHEPK7715K3ZF',	'1593072333.pdf',	NULL,	'801503',	'PATNA',	'Bihar',	NULL,	'8:00 AM',	'8:30 AM',	'Sunday',	NULL,	NULL,	NULL,	NULL,	NULL,	0,	NULL,	NULL,	NULL,	NULL,	NULL,	NULL,	NULL,	NULL,	NULL,	NULL,	NULL,	0,	NULL,	NULL,	NULL,	NULL,	NULL,	'2',	'2',	'1',	0),
(33,	'Rishi Pvt Ltd',	'Rishi Jha',	'jharishi@gmail.com',	'6207355929',	'1234567890',	65,	11,	2,	NULL,	1592553510,	'2022-04-01 04:39:34',	'1',	'0',	'0',	NULL,	NULL,	'Avinash Kumar Jha',	'9650861174',	0,	0,	NULL,	NULL,	NULL,	NULL,	NULL,	NULL,	NULL,	NULL,	NULL,	NULL,	NULL,	NULL,	NULL,	NULL,	NULL,	NULL,	NULL,	NULL,	NULL,	NULL,	NULL,	NULL,	NULL,	NULL,	NULL,	NULL,	NULL,	NULL,	NULL,	NULL,	NULL,	0,	NULL,	NULL,	NULL,	NULL,	NULL,	NULL,	NULL,	NULL,	NULL,	NULL,	NULL,	0,	NULL,	NULL,	NULL,	NULL,	NULL,	'2',	'2',	'1',	0),
(34,	'Divyam',	'Mintesh patel',	'minteshpatel76@gmal.co',	'8200945397',	'madh i76',	64,	2,	2,	NULL,	1595057877,	'2022-04-01 04:39:34',	'1',	'0',	'0',	NULL,	NULL,	'Mintesh',	'8200945397',	0,	0,	NULL,	NULL,	NULL,	NULL,	NULL,	NULL,	NULL,	NULL,	NULL,	NULL,	NULL,	NULL,	NULL,	NULL,	NULL,	NULL,	NULL,	NULL,	NULL,	NULL,	NULL,	NULL,	NULL,	NULL,	NULL,	NULL,	NULL,	NULL,	NULL,	NULL,	NULL,	0,	NULL,	NULL,	NULL,	NULL,	NULL,	NULL,	NULL,	NULL,	NULL,	NULL,	NULL,	0,	NULL,	NULL,	NULL,	NULL,	NULL,	'2',	'2',	'1',	0),
(35,	'Divyam',	'Mintesh patel',	'minteshpatel76@gmal.co',	'8200945397',	'madh i76',	64,	2,	2,	NULL,	1595058044,	'2022-04-01 04:39:34',	'1',	'0',	'1',	NULL,	NULL,	'Mintesh',	'8200945397',	0,	0,	NULL,	NULL,	NULL,	NULL,	NULL,	NULL,	NULL,	NULL,	NULL,	NULL,	NULL,	NULL,	NULL,	NULL,	NULL,	NULL,	NULL,	NULL,	NULL,	NULL,	NULL,	NULL,	NULL,	NULL,	NULL,	NULL,	NULL,	NULL,	NULL,	NULL,	NULL,	0,	NULL,	NULL,	NULL,	NULL,	NULL,	NULL,	NULL,	NULL,	NULL,	NULL,	NULL,	0,	NULL,	NULL,	NULL,	NULL,	NULL,	'2',	'2',	'1',	0),
(36,	'Annpurna Kalakriti',	'Annpurna Jha',	'jhaannpurna1981@gmail.com',	'8210090238',	'kittu',	71,	16,	2,	NULL,	1595502812,	'2022-04-01 04:39:34',	'1',	'0',	'1',	'en',	NULL,	'Avinash jha',	'9650861174',	0,	0,	'Annpurna Devi',	'008710182640',	NULL,	'ipos0000001',	'INDIA POST PAYMENT BANK',	'CORPORATE OFFICE',	'DELHI',	'DELHI',	'BNXPD0977Q',	'1595504484PAN_CARD.jpg',	'ANNAPURNAdevi',	'Annapurnakalakriti',	NULL,	NULL,	NULL,	2,	NULL,	NULL,	NULL,	'847424',	'MADHUBANI',	'Bihar',	NULL,	'7:00 AM',	'7:30 AM',	'Sunday',	NULL,	NULL,	NULL,	NULL,	NULL,	0,	NULL,	NULL,	NULL,	NULL,	NULL,	NULL,	NULL,	NULL,	NULL,	NULL,	NULL,	0,	NULL,	NULL,	NULL,	NULL,	NULL,	'2',	'2',	'1',	0),
(39,	'Apni dukkaan',	'Shubham kadbe',	'apnidukan4441@gmail.com',	'9049424459',	'1234567890',	64,	2,	2,	'1599201325apni_dukkaan500by500.jpeg',	1597213410,	'2022-04-01 04:39:34',	'1',	'0',	'1',	'en',	NULL,	NULL,	NULL,	0,	0,	'Shubham Kadbe',	'38530408888',	NULL,	'SBIN0000432',	'STATE BANK OF INDIA',	'NAGPUR',	'NAGPUR',	'MAHARASHTRA',	'DTSPK7700P',	'1597311280PANCARD.jpeg',	'shubhamishwarkadbe',	'apnidukAn',	NULL,	NULL,	NULL,	2,	NULL,	NULL,	NULL,	'441401',	'NAGPUR',	'Maharashtra',	NULL,	'8:00 AM',	'8:00 PM',	'NA',	'1598528709IMG_20200827_124930.JPG',	'Order online. All your favourite products from Apnidukkaan for grocery home delivery in Kanhan. At very reasonable prices on Patanjali, Aashirvaad, Pampers, Maggi, Saffola, Huggies, Fortune, Nestle, Amul, MamyPoko Pants, Surf Excel, Ariel, Vim, Haldiram\'s and others.',	'We all are together in fight with corona.So stay at home and let us take care of your daily need items like grocery.Order online and get your grocery delivered at your door step.',	'About Apni Dukkaan Shop',	'To our Coustomers',	1,	'1598540062IMG_20200827_202339.JPG',	NULL,	NULL,	'1598589256IMG_20200827_202339.JPG',	'https://www.facebook.com/apni.dukkaan.5',	NULL,	'https://www.instagram.com/apni.dukkaan/',	NULL,	'https://wa.me/918856094441',	NULL,	NULL,	1,	NULL,	NULL,	'Apnidukkaan is a online platform where Goods & Services are delivered to your door step.\r\nWarranty and guarantee varies with respect to products and brands.\r\nThe goods & services sold as are intended for end user consumption and not for re-sale.\r\nKeep this Invoice and manufacturer box for warranty purpose.',	'8856094441',	'1599664161IMG_20200827_202339.JPG',	'2',	'2',	'1',	0),
(40,	'Tanishka shop',	'Swati Singh',	'swatisingh250316@gmail.com',	'9978884457',	'Tanishka@1',	65,	15,	2,	NULL,	1599843615,	'2022-04-01 04:39:34',	'1',	'0',	'1',	NULL,	100.00,	'Swati Singh',	NULL,	0,	0,	NULL,	NULL,	NULL,	NULL,	NULL,	NULL,	NULL,	NULL,	NULL,	NULL,	NULL,	NULL,	NULL,	NULL,	NULL,	NULL,	NULL,	NULL,	NULL,	NULL,	NULL,	NULL,	NULL,	NULL,	NULL,	NULL,	NULL,	NULL,	NULL,	NULL,	NULL,	0,	NULL,	NULL,	NULL,	NULL,	NULL,	NULL,	NULL,	NULL,	NULL,	NULL,	NULL,	0,	NULL,	NULL,	NULL,	NULL,	NULL,	'2',	'2',	'1',	0),
(41,	'Rcm digital Shop',	'Nitin S Pachkawade',	'nitinpachkawade09@gmail.com',	'8459936641',	'RCM123',	64,	2,	1,	NULL,	1600365685,	'2022-04-01 04:39:34',	'1',	'0',	'1',	NULL,	NULL,	NULL,	NULL,	0,	0,	NULL,	NULL,	NULL,	NULL,	NULL,	NULL,	NULL,	NULL,	NULL,	NULL,	NULL,	NULL,	NULL,	NULL,	NULL,	NULL,	NULL,	NULL,	NULL,	NULL,	NULL,	NULL,	NULL,	NULL,	NULL,	NULL,	NULL,	NULL,	NULL,	NULL,	NULL,	0,	NULL,	NULL,	NULL,	NULL,	NULL,	NULL,	NULL,	NULL,	NULL,	NULL,	NULL,	0,	NULL,	NULL,	NULL,	NULL,	NULL,	'2',	'2',	'1',	0),
(42,	'Think N Eat',	'VENKATESAN K',	'vlgroups2020@gmail.com',	'7397392792',	'Vlsh2018@',	64,	2,	2,	NULL,	1600877240,	'2022-04-01 04:39:34',	'1',	'0',	'1',	NULL,	100.00,	'VENKATESAN K',	'+917397392792',	0,	0,	NULL,	NULL,	NULL,	NULL,	NULL,	NULL,	NULL,	NULL,	NULL,	NULL,	NULL,	NULL,	NULL,	NULL,	NULL,	NULL,	NULL,	NULL,	NULL,	NULL,	NULL,	NULL,	NULL,	NULL,	NULL,	NULL,	NULL,	NULL,	NULL,	NULL,	NULL,	0,	NULL,	NULL,	NULL,	NULL,	NULL,	NULL,	NULL,	NULL,	NULL,	NULL,	NULL,	0,	NULL,	NULL,	NULL,	NULL,	NULL,	'2',	'2',	'1',	0),
(43,	'Krish Enterprises',	'Anand Prakash Jha',	'krishsupermart627462@gmail.com',	'8376800004',	'abhinav1234',	64,	2,	3,	NULL,	1601472329,	'2022-04-01 04:39:34',	'1',	'0',	'0',	'en',	NULL,	NULL,	NULL,	0,	0,	NULL,	NULL,	NULL,	NULL,	NULL,	NULL,	NULL,	NULL,	NULL,	NULL,	NULL,	NULL,	NULL,	NULL,	NULL,	NULL,	NULL,	NULL,	NULL,	NULL,	NULL,	NULL,	NULL,	NULL,	NULL,	NULL,	NULL,	NULL,	NULL,	NULL,	NULL,	0,	NULL,	NULL,	NULL,	NULL,	NULL,	NULL,	NULL,	NULL,	NULL,	NULL,	NULL,	0,	NULL,	NULL,	NULL,	NULL,	NULL,	'2',	'2',	'1',	0),
(47,	'ajay Gupta',	'ajay Gupta',	'ag16gupta@gmail.com',	'9783917310',	'ajay1234',	64,	9,	2,	NULL,	1602083440,	'2022-04-01 04:39:34',	'1',	'0',	'1',	NULL,	NULL,	'ajay Gupta',	'9783917310',	0,	0,	NULL,	NULL,	NULL,	NULL,	NULL,	NULL,	NULL,	NULL,	NULL,	NULL,	NULL,	NULL,	NULL,	NULL,	NULL,	NULL,	NULL,	NULL,	NULL,	NULL,	NULL,	NULL,	NULL,	NULL,	NULL,	NULL,	NULL,	NULL,	NULL,	NULL,	NULL,	0,	NULL,	NULL,	NULL,	NULL,	NULL,	NULL,	NULL,	NULL,	NULL,	NULL,	NULL,	0,	NULL,	NULL,	NULL,	NULL,	NULL,	'2',	'2',	'1',	0),
(48,	'Advanced Freshpoint',	'Dhiraj Kumar Singh',	'advancedfreshpoint@gmail.com',	'7428338219',	'freshpoint',	64,	2,	1,	NULL,	1602142889,	'2023-05-13 07:31:34',	'1',	'0',	'1',	'en',	1.00,	NULL,	NULL,	499,	50,	'Happy birthday',	'677675',	'',	'Fgh5555bh',	'HDFC',	'Delhi Main branch',	'Delhi',	'Delhi',	'hjhjhjhjhjhjh',	'',	'Advanced',	NULL,	NULL,	NULL,	NULL,	2,	'78659555',	'',	NULL,	'110037',	'NEW DELHI',	'Delhi',	'',	'8:00 AM',	'8:30 AM',	NULL,	NULL,	NULL,	NULL,	NULL,	NULL,	0,	NULL,	NULL,	NULL,	NULL,	NULL,	NULL,	NULL,	NULL,	NULL,	NULL,	NULL,	0,	NULL,	NULL,	NULL,	NULL,	'',	'1',	'2',	'0',	0),
(51,	'Colors',	'Sachin lalwani',	'Sachin.lalwani.kte@gmail.com',	'7999283407',	'sachin7999283407',	64,	2,	2,	NULL,	1602233754,	'2022-04-01 04:39:34',	'1',	'0',	'1',	NULL,	NULL,	NULL,	NULL,	0,	0,	NULL,	NULL,	NULL,	NULL,	NULL,	NULL,	NULL,	NULL,	NULL,	NULL,	NULL,	NULL,	NULL,	NULL,	NULL,	NULL,	NULL,	NULL,	NULL,	NULL,	NULL,	NULL,	NULL,	NULL,	NULL,	NULL,	NULL,	NULL,	NULL,	NULL,	NULL,	0,	NULL,	NULL,	NULL,	NULL,	NULL,	NULL,	NULL,	NULL,	NULL,	NULL,	NULL,	0,	NULL,	NULL,	NULL,	NULL,	NULL,	'2',	'2',	'1',	0),
(53,	'Happy',	'Happy',	'aa@aa.com',	'9876543210',	NULL,	67,	6,	3,	NULL,	1602320702,	'2022-04-01 04:39:34',	'1',	'0',	'1',	NULL,	NULL,	NULL,	NULL,	0,	0,	'Happy',	'06068603868',	'',	'hhgfvbnhh',	'HDFC',	'Delhi Main branch',	'Delhi',	'Delhi',	'Jvjvhvjv',	'',	'Happy',	NULL,	NULL,	NULL,	NULL,	NULL,	'Vhvhvygvch',	'',	NULL,	'555555',	'Delhi',	'New Delhi',	'',	NULL,	NULL,	NULL,	NULL,	NULL,	NULL,	NULL,	NULL,	0,	NULL,	NULL,	NULL,	NULL,	NULL,	NULL,	NULL,	NULL,	NULL,	NULL,	NULL,	0,	NULL,	NULL,	NULL,	NULL,	NULL,	'2',	'2',	'1',	0),
(54,	'Awdhesh Kumar Jha',	'Awdhesh Kumar Jha',	'info@ushatek.com',	'8467016621',	NULL,	65,	11,	3,	NULL,	1602338618,	'2022-04-01 04:39:34',	'1',	'0',	'1',	NULL,	NULL,	NULL,	NULL,	0,	0,	'Awdhesh Kumar Jha',	'731514039',	'',	'idib000h019',	'HDFC',	'Delhi Main branch',	'Delhi',	'Delhi',	'Awdhesh Kumar Jha',	'',	'Awdhesh Kumar Jha',	NULL,	NULL,	NULL,	NULL,	NULL,	'12345678901',	'',	NULL,	'110016',	'Delhi',	'Delhi',	'',	NULL,	NULL,	NULL,	NULL,	NULL,	NULL,	NULL,	NULL,	0,	NULL,	NULL,	NULL,	NULL,	NULL,	NULL,	NULL,	NULL,	NULL,	NULL,	NULL,	0,	NULL,	NULL,	NULL,	NULL,	NULL,	'2',	'2',	'1',	0),
(55,	'Happy Christmas',	'Happy',	'bb@bb.com',	'3333333333',	NULL,	67,	6,	2,	NULL,	1602339111,	'2022-04-01 04:39:34',	'1',	'0',	'1',	NULL,	NULL,	NULL,	NULL,	0,	0,	'Scsvddb Dbdbdb',	'555568889',	'',	'Vdbdbfbfb',	'HDFC',	'Delhi Main branch',	'Delhi',	'Delhi',	'VDVDVDB',	'',	'Vdvvdbdbd Dvdv',	NULL,	NULL,	NULL,	NULL,	NULL,	'VDVVDBDBD',	'',	NULL,	'986689',	'Delhi',	'Delhi',	'',	NULL,	NULL,	NULL,	NULL,	NULL,	NULL,	NULL,	NULL,	0,	NULL,	NULL,	NULL,	NULL,	NULL,	NULL,	NULL,	NULL,	NULL,	NULL,	NULL,	0,	NULL,	NULL,	NULL,	NULL,	NULL,	'2',	'2',	'1',	0),
(57,	'Shree Siddhivinayak vegitables shop',	'Shailesh Agrahari',	'agarwalshailesh566@gmail.com',	'9653119164',	'siddhivinayak',	64,	3,	2,	NULL,	1605034216,	'2022-04-01 04:39:34',	'1',	'0',	'1',	NULL,	NULL,	'Shailesh Agrahari',	'919653119164',	0,	0,	NULL,	NULL,	NULL,	NULL,	NULL,	NULL,	NULL,	NULL,	NULL,	NULL,	NULL,	NULL,	NULL,	NULL,	NULL,	NULL,	NULL,	NULL,	NULL,	NULL,	NULL,	NULL,	NULL,	NULL,	NULL,	NULL,	NULL,	NULL,	NULL,	NULL,	NULL,	0,	NULL,	NULL,	NULL,	NULL,	NULL,	NULL,	NULL,	NULL,	NULL,	NULL,	NULL,	0,	NULL,	NULL,	NULL,	NULL,	NULL,	'2',	'2',	'1',	0),
(60,	'Saver Bazar',	'Mr. Shiva Maggu',	'talwar687@gmail.co',	'9999697266',	'1234567890',	64,	2,	2,	'1608121170IMG-20201216-WA0012.jpg',	1608117946,	'2022-04-01 04:39:34',	'1',	'0',	'1',	'en',	NULL,	'Pintu Prasad',	'9582600235',	0,	0,	NULL,	NULL,	NULL,	NULL,	NULL,	NULL,	NULL,	NULL,	NULL,	NULL,	NULL,	NULL,	NULL,	NULL,	NULL,	NULL,	NULL,	NULL,	NULL,	NULL,	NULL,	NULL,	NULL,	NULL,	NULL,	NULL,	NULL,	NULL,	NULL,	NULL,	NULL,	1,	NULL,	NULL,	NULL,	NULL,	NULL,	NULL,	NULL,	NULL,	NULL,	NULL,	NULL,	1,	NULL,	NULL,	NULL,	NULL,	NULL,	'2',	'2',	'1',	0),
(110,	'S R Mart',	'Ravi Kumar',	'srmart9999@gmail.com',	'9821782664',	'1234567890',	64,	2,	2,	NULL,	1609339300,	'2022-04-01 04:39:34',	'1',	'0',	'1',	'en',	1.00,	NULL,	NULL,	249,	30,	'S R MART',	'920020069635202',	'1609341888IMG_9369.JPG',	'UTIB0000278',	'AXIS BANK',	'DWARKA (DELHI)',	'NEW DELHI',	'DELHI',	'FMNPK3456C',	'1609341612IMG_9367.JPG',	'RAVIKUMAR',	'SRMART',	NULL,	NULL,	NULL,	1,	'07FMNPK3456C1ZY',	'1609341612SRMART GST_AA071020056278I_RC14112020.pdf',	NULL,	'110074',	'SOUTH DELHI',	'Delhi',	'1609341612IMG_9368.JPG',	'8:00 AM',	'9:30 PM',	'SUNDAY',	'',	NULL,	'SR Mart is South Delhi based omni Chanel departmental store. Buy all your essentials daily needs from our platform. We guarantee fastest delivery with 4hrs time guarantee in any part of south delhi.',	NULL,	'SR Mart:  New way of smart Shopping',	1,	'1611313872SRMART.png',	NULL,	NULL,	'1611313716SRMART.png',	NULL,	NULL,	NULL,	NULL,	NULL,	NULL,	NULL,	0,	NULL,	NULL,	NULL,	NULL,	NULL,	'2',	'2',	'1',	0),
(111,	'Test Company',	'Archana Sharma',	'abcd@gmail.com',	'8797122887',	'123123',	71,	16,	3,	NULL,	1609340553,	'2022-04-01 04:39:34',	'1',	'0',	'1',	NULL,	NULL,	'Antaryami',	'1234567890',	0,	0,	NULL,	NULL,	NULL,	NULL,	NULL,	NULL,	NULL,	NULL,	NULL,	NULL,	NULL,	NULL,	NULL,	NULL,	NULL,	NULL,	NULL,	NULL,	NULL,	NULL,	NULL,	NULL,	NULL,	NULL,	NULL,	NULL,	NULL,	NULL,	NULL,	NULL,	NULL,	0,	NULL,	NULL,	NULL,	NULL,	NULL,	NULL,	NULL,	NULL,	NULL,	NULL,	NULL,	0,	NULL,	NULL,	NULL,	NULL,	NULL,	'2',	'2',	'1',	0),
(112,	'None',	'Aniket Jha',	'aniketjha765@gmail.com',	'9767470135',	'ANik10$$',	71,	16,	1,	NULL,	1609994395,	'2022-04-01 04:39:34',	'1',	'0',	'1',	NULL,	NULL,	NULL,	NULL,	0,	0,	NULL,	NULL,	NULL,	NULL,	NULL,	NULL,	NULL,	NULL,	NULL,	NULL,	NULL,	NULL,	NULL,	NULL,	NULL,	NULL,	NULL,	NULL,	NULL,	NULL,	NULL,	NULL,	NULL,	NULL,	NULL,	NULL,	NULL,	NULL,	NULL,	NULL,	NULL,	0,	NULL,	NULL,	NULL,	NULL,	NULL,	NULL,	NULL,	NULL,	NULL,	NULL,	NULL,	0,	NULL,	NULL,	NULL,	NULL,	NULL,	'2',	'2',	'1',	0),
(113,	'1One2',	'Sawan  Gupta',	'1one2@gmail.com',	'9810399974',	'1234567890',	64,	2,	3,	NULL,	1610429295,	'2022-04-01 04:39:34',	'0',	'0',	'1',	'en',	1.00,	NULL,	NULL,	0,	0,	NULL,	NULL,	NULL,	NULL,	NULL,	NULL,	NULL,	NULL,	NULL,	NULL,	NULL,	NULL,	NULL,	NULL,	NULL,	NULL,	NULL,	NULL,	NULL,	NULL,	NULL,	NULL,	NULL,	NULL,	NULL,	NULL,	'1619940437DFG.jpeg',	NULL,	NULL,	NULL,	NULL,	1,	'1619940437DFG.jpeg',	NULL,	NULL,	'1619940437DFG.jpeg',	NULL,	NULL,	NULL,	NULL,	NULL,	NULL,	NULL,	1,	1617627573,	NULL,	NULL,	NULL,	NULL,	'2',	'2',	'1',	0),
(114,	'A S Traders',	'Atul Singhal',	'atulsinghal416@icloud.com',	'9654511474',	'1234567890',	64,	2,	3,	NULL,	1610449362,	'2022-04-01 04:39:34',	'1',	'0',	'1',	'en',	1.00,	NULL,	NULL,	1999,	30,	NULL,	NULL,	NULL,	NULL,	NULL,	NULL,	NULL,	NULL,	NULL,	NULL,	NULL,	NULL,	NULL,	NULL,	NULL,	NULL,	NULL,	NULL,	NULL,	NULL,	NULL,	NULL,	NULL,	NULL,	NULL,	NULL,	NULL,	'MRPC is an omnichanel grocery supermart. Wehave a history of 50 years. We have been serving our customers since 1972.\r\n\r\nAs pandemic hit the the nation, we have launced our website in 2020 to serve our customers. Our wesite is fully loaded with modern e commerce features.. The platform is powered by RewardsPlus. \r\n\r\nEnjoy the best online grocery services from the house of MRPC.',	'Buy a wide range of grocery items from our online platform and if you you want to experience the store, please visit our store.\r\nWe guarantee fastest delivery in Delhi NCR with 4hrs commitment.',	'About Us',	'MRPC:- Fastest Growing Online grocer store.',	1,	'1610536289mrpc_logo.png',	NULL,	NULL,	NULL,	NULL,	NULL,	NULL,	NULL,	NULL,	NULL,	NULL,	1,	NULL,	NULL,	NULL,	NULL,	NULL,	'2',	'2',	'1',	0),
(115,	NULL,	'Awdhesh',	'ak@ak.com',	'1111111111',	NULL,	NULL,	NULL,	NULL,	NULL,	1610527386,	'2022-04-01 04:39:34',	'1',	'0',	'1',	NULL,	NULL,	NULL,	NULL,	0,	0,	NULL,	NULL,	NULL,	NULL,	NULL,	NULL,	NULL,	NULL,	NULL,	NULL,	NULL,	NULL,	NULL,	NULL,	NULL,	NULL,	NULL,	NULL,	NULL,	NULL,	NULL,	NULL,	NULL,	NULL,	NULL,	NULL,	NULL,	NULL,	NULL,	NULL,	NULL,	0,	NULL,	NULL,	NULL,	NULL,	NULL,	NULL,	NULL,	NULL,	NULL,	NULL,	NULL,	0,	NULL,	NULL,	NULL,	NULL,	NULL,	'2',	'2',	'1',	0),
(116,	'reaz',	'rraz',	'bemnitreaz@gmail.com',	'0750843167',	NULL,	65,	11,	2,	NULL,	1610554137,	'2022-04-01 04:39:34',	'1',	'0',	'1',	NULL,	NULL,	NULL,	NULL,	0,	0,	'Reaz bemnit',	'3333',	'',	'3333',	'HDFC',	'Delhi Main branch',	'Delhi',	'Delhi',	'3333',	'',	'reaz',	NULL,	NULL,	NULL,	NULL,	NULL,	'Reaz bemnit',	'',	NULL,	'3333',	'iraq',	'reaz',	'',	NULL,	NULL,	NULL,	NULL,	NULL,	NULL,	NULL,	NULL,	0,	NULL,	NULL,	NULL,	NULL,	NULL,	NULL,	NULL,	NULL,	NULL,	NULL,	NULL,	0,	NULL,	NULL,	NULL,	NULL,	NULL,	'2',	'2',	'1',	0),
(117,	'Awdhesh Jha Assosiates',	'Awdhesh Kumar Jha',	'aw@aa.com',	'7834834333',	'1234567890',	64,	2,	3,	NULL,	1610782793,	'2022-04-01 04:39:34',	'1',	'0',	'1',	'en',	0.10,	NULL,	NULL,	499,	30,	NULL,	NULL,	NULL,	NULL,	NULL,	NULL,	NULL,	NULL,	NULL,	NULL,	NULL,	NULL,	NULL,	NULL,	NULL,	NULL,	NULL,	NULL,	NULL,	NULL,	NULL,	NULL,	NULL,	NULL,	NULL,	NULL,	NULL,	NULL,	NULL,	NULL,	NULL,	0,	NULL,	NULL,	NULL,	NULL,	NULL,	NULL,	NULL,	NULL,	NULL,	NULL,	NULL,	0,	NULL,	NULL,	NULL,	NULL,	NULL,	'2',	'2',	'1',	0),
(118,	'AS Traders',	'Ashish Jha',	'intramailashish@gmail.com',	'9811339616',	NULL,	64,	2,	2,	NULL,	1610846025,	'2022-04-01 04:39:34',	'1',	'0',	'1',	NULL,	NULL,	NULL,	NULL,	0,	0,	NULL,	NULL,	NULL,	NULL,	NULL,	NULL,	NULL,	NULL,	NULL,	NULL,	NULL,	NULL,	NULL,	NULL,	NULL,	NULL,	NULL,	NULL,	NULL,	NULL,	NULL,	NULL,	NULL,	NULL,	NULL,	NULL,	NULL,	NULL,	NULL,	NULL,	NULL,	0,	NULL,	NULL,	NULL,	NULL,	NULL,	NULL,	NULL,	NULL,	NULL,	NULL,	NULL,	0,	NULL,	NULL,	NULL,	NULL,	NULL,	'2',	'2',	'1',	0),
(119,	NULL,	NULL,	'',	'6201503418',	NULL,	NULL,	NULL,	NULL,	NULL,	1611321354,	'2022-04-01 04:39:34',	'1',	'0',	'1',	NULL,	NULL,	NULL,	NULL,	0,	0,	NULL,	NULL,	NULL,	NULL,	NULL,	NULL,	NULL,	NULL,	NULL,	NULL,	NULL,	NULL,	NULL,	NULL,	NULL,	NULL,	NULL,	NULL,	NULL,	NULL,	NULL,	NULL,	NULL,	NULL,	NULL,	NULL,	NULL,	NULL,	NULL,	NULL,	NULL,	0,	NULL,	NULL,	NULL,	NULL,	NULL,	NULL,	NULL,	NULL,	NULL,	NULL,	NULL,	0,	NULL,	NULL,	NULL,	NULL,	NULL,	'2',	'2',	'1',	0),
(120,	NULL,	'Ak',	'akhileshisofficial@gmail.com',	'7488397220',	NULL,	NULL,	NULL,	NULL,	NULL,	1611810220,	'2022-04-01 04:39:34',	'1',	'0',	'1',	NULL,	NULL,	NULL,	NULL,	0,	0,	NULL,	NULL,	NULL,	NULL,	NULL,	NULL,	NULL,	NULL,	NULL,	NULL,	NULL,	NULL,	NULL,	NULL,	NULL,	NULL,	NULL,	NULL,	NULL,	NULL,	NULL,	NULL,	NULL,	NULL,	NULL,	NULL,	NULL,	NULL,	NULL,	NULL,	NULL,	0,	NULL,	NULL,	NULL,	NULL,	NULL,	NULL,	NULL,	NULL,	NULL,	NULL,	NULL,	0,	NULL,	NULL,	NULL,	NULL,	NULL,	'2',	'2',	'1',	0),
(121,	'A1 Bazaar',	'A1 Bazaar',	'a1bazaarsn@gmail.com',	'9873068008',	'1234567890',	64,	2,	3,	NULL,	1612369003,	'2022-04-01 04:39:34',	'0',	'0',	'1',	NULL,	0.25,	NULL,	NULL,	200,	30,	NULL,	NULL,	NULL,	NULL,	NULL,	NULL,	NULL,	NULL,	'ABRFA8756B',	NULL,	'a1bazaar',	'a1bazaar',	NULL,	NULL,	NULL,	1,	'07ABRFA8756B1Z6',	NULL,	NULL,	NULL,	NULL,	NULL,	NULL,	'8:00 AM',	'8:30 AM',	NULL,	'1614921342a1bzr.png',	'A1 Bazaar is a multy brand retail store. A1 Bazaar was opened when the whole city was going through the pandemic. Idea was to give the best in class grocery shopping experience. Keeping that aim in mind we are launching our online store.\r\nBrouse and buy the products from the comfort of your house. We guarantee you that orders will be delivered within 4 hrs.',	NULL,	'A1 Bazaar:- Your favourite store is Online NOW',	NULL,	1,	'1614921342a1bzr.png',	NULL,	NULL,	'1614921342a1bzr.png',	NULL,	NULL,	NULL,	NULL,	NULL,	NULL,	NULL,	1,	NULL,	NULL,	NULL,	'9873068008',	NULL,	'2',	'2',	'1',	0),
(122,	'Vegiza Services Private Limited',	'Gunjan Gadeock',	'vegiza.vegiza@gmail.com',	'9570195701',	'1234567890',	64,	2,	3,	NULL,	1612621463,	'2022-04-01 04:39:34',	'0',	'0',	'1',	'en',	NULL,	NULL,	NULL,	0,	0,	NULL,	NULL,	NULL,	NULL,	NULL,	NULL,	NULL,	NULL,	NULL,	NULL,	NULL,	NULL,	NULL,	NULL,	NULL,	NULL,	NULL,	NULL,	NULL,	NULL,	NULL,	NULL,	NULL,	NULL,	NULL,	NULL,	NULL,	NULL,	NULL,	NULL,	NULL,	1,	NULL,	NULL,	NULL,	NULL,	NULL,	NULL,	NULL,	NULL,	NULL,	NULL,	NULL,	1,	NULL,	NULL,	NULL,	NULL,	NULL,	'2',	'2',	'1',	0),
(123,	'Genious Communication',	'Yawar Manhas',	'yawarwakeelm@gmail.com',	'7006484673',	'manhass2293',	64,	2,	1,	NULL,	1612889124,	'2022-04-01 04:39:34',	'1',	'0',	'1',	NULL,	NULL,	'Jamsheed Manhas',	'917006484673',	0,	0,	NULL,	NULL,	NULL,	NULL,	NULL,	NULL,	NULL,	NULL,	NULL,	NULL,	NULL,	NULL,	NULL,	NULL,	NULL,	NULL,	NULL,	NULL,	NULL,	NULL,	NULL,	NULL,	NULL,	NULL,	NULL,	NULL,	NULL,	NULL,	NULL,	NULL,	NULL,	0,	NULL,	NULL,	NULL,	NULL,	NULL,	NULL,	NULL,	NULL,	NULL,	NULL,	NULL,	0,	NULL,	NULL,	NULL,	NULL,	NULL,	'2',	'2',	'1',	0),
(124,	'Digree',	'Rajesh',	'shopdigree@gmail.com',	'852743577',	'1234567890',	64,	2,	3,	NULL,	1612952406,	'2022-04-01 04:39:34',	'1',	'0',	'1',	NULL,	NULL,	NULL,	NULL,	0,	0,	NULL,	NULL,	NULL,	NULL,	NULL,	NULL,	NULL,	NULL,	NULL,	NULL,	NULL,	NULL,	NULL,	NULL,	NULL,	NULL,	NULL,	NULL,	NULL,	NULL,	NULL,	NULL,	NULL,	NULL,	NULL,	NULL,	NULL,	NULL,	NULL,	NULL,	NULL,	1,	NULL,	NULL,	NULL,	NULL,	NULL,	NULL,	NULL,	NULL,	NULL,	NULL,	NULL,	1,	NULL,	NULL,	NULL,	NULL,	NULL,	'2',	'2',	'1',	0),
(125,	'Pankaj Sharma',	'Pankaj sharma',	'pankaj.p.shr@gmail.com',	'8287508173',	NULL,	64,	2,	1,	NULL,	1613647064,	'2022-04-01 04:39:34',	'1',	'0',	'1',	NULL,	NULL,	NULL,	NULL,	0,	0,	'pankaj kumar',	'4618704',	'',	'28w73',	'HDFC',	'Delhi Main branch',	'Delhi',	'Delhi',	'1228374JSI',	'',	'Pankaj Sharma',	NULL,	NULL,	NULL,	NULL,	NULL,	'3737226',	'',	NULL,	'110044',	'Delhi',	'Delhi',	'',	NULL,	NULL,	NULL,	NULL,	NULL,	NULL,	NULL,	NULL,	0,	NULL,	NULL,	NULL,	NULL,	NULL,	NULL,	NULL,	NULL,	NULL,	NULL,	NULL,	0,	NULL,	NULL,	NULL,	NULL,	NULL,	'2',	'2',	'1',	0),
(126,	NULL,	'Vivek Lule',	'jstafford76@gmail.com',	'9821934088',	NULL,	NULL,	NULL,	NULL,	NULL,	1614149202,	'2022-04-01 04:39:34',	'1',	'0',	'1',	NULL,	NULL,	NULL,	NULL,	0,	0,	NULL,	NULL,	NULL,	NULL,	NULL,	NULL,	NULL,	NULL,	NULL,	NULL,	NULL,	NULL,	NULL,	NULL,	NULL,	NULL,	NULL,	NULL,	NULL,	NULL,	NULL,	NULL,	NULL,	NULL,	NULL,	NULL,	NULL,	NULL,	NULL,	NULL,	NULL,	0,	NULL,	NULL,	NULL,	NULL,	NULL,	NULL,	NULL,	NULL,	NULL,	NULL,	NULL,	0,	NULL,	NULL,	NULL,	NULL,	NULL,	'2',	'2',	'1',	0),
(127,	'Hone Money Top',	'Priyanka Singh',	'priyankasingh@honeymomeytop.com',	'7291970052',	'1234567890',	64,	2,	1,	NULL,	1614171379,	'2023-05-13 13:04:14',	'1',	'0',	'1',	'en',	1.00,	NULL,	NULL,	499,	50,	NULL,	NULL,	NULL,	NULL,	NULL,	NULL,	NULL,	NULL,	NULL,	NULL,	NULL,	NULL,	NULL,	NULL,	NULL,	NULL,	NULL,	NULL,	NULL,	NULL,	NULL,	NULL,	NULL,	NULL,	NULL,	NULL,	'1649484766hmt_logo11.png',	NULL,	NULL,	NULL,	NULL,	1,	'1649484766hmt_logo11.png',	1649484634,	'pass',	NULL,	'https://www.facebook.com/honeymoneytop.store',	NULL,	NULL,	NULL,	NULL,	'https://play.google.com/store/apps/details?id=com.rewardsplus.honeymoneytop',	'https://apps.apple.com/in/app/honey-money-top/id1574488018',	0,	1625374263,	NULL,	NULL,	NULL,	NULL,	'2',	'2',	'1',	0),
(128,	NULL,	NULL,	'',	'9650861171',	NULL,	NULL,	NULL,	NULL,	NULL,	1614538553,	'2022-04-01 04:39:34',	'1',	'0',	'1',	NULL,	NULL,	NULL,	NULL,	0,	0,	NULL,	NULL,	NULL,	NULL,	NULL,	NULL,	NULL,	NULL,	NULL,	NULL,	NULL,	NULL,	NULL,	NULL,	NULL,	NULL,	NULL,	NULL,	NULL,	NULL,	NULL,	NULL,	NULL,	NULL,	NULL,	NULL,	NULL,	NULL,	NULL,	NULL,	NULL,	0,	NULL,	NULL,	NULL,	NULL,	NULL,	NULL,	NULL,	NULL,	NULL,	NULL,	NULL,	0,	NULL,	NULL,	NULL,	NULL,	NULL,	'2',	'2',	'1',	0),
(129,	NULL,	NULL,	'',	'9658561174',	NULL,	NULL,	NULL,	NULL,	NULL,	1614939114,	'2022-04-01 04:39:34',	'1',	'0',	'1',	NULL,	NULL,	NULL,	NULL,	0,	0,	NULL,	NULL,	NULL,	NULL,	NULL,	NULL,	NULL,	NULL,	NULL,	NULL,	NULL,	NULL,	NULL,	NULL,	NULL,	NULL,	NULL,	NULL,	NULL,	NULL,	NULL,	NULL,	NULL,	NULL,	NULL,	NULL,	NULL,	NULL,	NULL,	NULL,	NULL,	0,	NULL,	NULL,	NULL,	NULL,	NULL,	NULL,	NULL,	NULL,	NULL,	NULL,	NULL,	0,	NULL,	NULL,	NULL,	NULL,	NULL,	'2',	'2',	'1',	0),
(130,	'We Marche',	'We Marche',	'abc@bb.com',	'9650867714',	NULL,	64,	2,	2,	NULL,	1615267991,	'2022-04-01 04:39:34',	'1',	'0',	'0',	NULL,	NULL,	NULL,	NULL,	0,	0,	NULL,	NULL,	NULL,	NULL,	NULL,	NULL,	NULL,	NULL,	NULL,	NULL,	NULL,	NULL,	NULL,	NULL,	NULL,	NULL,	NULL,	NULL,	NULL,	NULL,	NULL,	NULL,	NULL,	NULL,	NULL,	NULL,	NULL,	NULL,	NULL,	NULL,	NULL,	0,	NULL,	NULL,	NULL,	NULL,	NULL,	NULL,	NULL,	NULL,	NULL,	NULL,	NULL,	0,	NULL,	NULL,	NULL,	NULL,	NULL,	'2',	'2',	'1',	0),
(132,	'Abcd',	'PK',	'pk@yahoo.com',	'8587988604',	NULL,	62,	12,	2,	NULL,	1615438407,	'2022-04-01 04:39:34',	'1',	'0',	'1',	NULL,	NULL,	NULL,	NULL,	0,	0,	'Test1',	'8741258963',	'',	'Sbin0001123',	'HDFC',	'Delhi Main branch',	'Delhi',	'Delhi',	'QWERTY',	'',	'Test User',	NULL,	NULL,	NULL,	NULL,	NULL,	'ADB12345GH',	'',	NULL,	'110016',	'new delhi',	'delhi',	'',	NULL,	NULL,	NULL,	NULL,	NULL,	NULL,	NULL,	NULL,	0,	NULL,	NULL,	NULL,	NULL,	NULL,	NULL,	NULL,	NULL,	NULL,	NULL,	NULL,	0,	NULL,	NULL,	NULL,	NULL,	NULL,	'2',	'2',	'1',	0),
(133,	'Dev Enterprises',	'Ankit',	'ankit2018@gmail.com',	'9891180049',	'1234567890',	64,	2,	2,	'1636825576LI.png',	1615439525,	'2022-04-01 04:39:34',	'1',	'0',	'1',	'en',	0.25,	NULL,	NULL,	0,	0,	'Dev Enterprises',	'3078008700002661',	'1615441264bcbbea2a-6f3b-4ece-8181-9cd8d8729d1d.jpg',	'punb0307800',	'PUNJAB NATIONAL BANK',	'DELHI, CHANDAN HOLA',	'CHANDAN HOLLA,DELHI',	'DELHI',	'BESPC6592Q',	'16154407968516898e-cbf2-499e-9171-2de41d246b63.jpg',	'KARAMBIRSINGH',	'DEVENTERPRISES',	NULL,	NULL,	NULL,	1,	'07BESPC6592QIZI',	'1615440796ca671f21-a61f-4240-bb4a-7aeef1f2f2ad.pdf',	NULL,	'110074',	'SOUTH DELHI',	'Delhi',	'1615440796268e2285-aa48-4c85-aa43-86d9d4d5125b.jpg',	'9:00 AM',	'8:30 PM',	'SUNDAY',	'1616331083HFM_logo.png',	'Home Fresh Mart is an omni channel grocery supermarket. Buy all types of grocery items from us at an affordable price.',	NULL,	'About Home Fresh Mart',	NULL,	1,	'1616331083HFM_logo.png',	NULL,	NULL,	'1616331083HFM_logo.png',	NULL,	NULL,	NULL,	NULL,	NULL,	NULL,	NULL,	1,	1615441930,	'I Want to change my content.',	NULL,	NULL,	NULL,	'2',	'2',	'1',	0),
(134,	NULL,	NULL,	'',	'1566666666',	NULL,	NULL,	NULL,	NULL,	NULL,	1617537070,	'2022-04-01 04:39:34',	'1',	'0',	'1',	NULL,	NULL,	NULL,	NULL,	0,	0,	NULL,	NULL,	NULL,	NULL,	NULL,	NULL,	NULL,	NULL,	NULL,	NULL,	NULL,	NULL,	NULL,	NULL,	NULL,	NULL,	NULL,	NULL,	NULL,	NULL,	NULL,	NULL,	NULL,	NULL,	NULL,	NULL,	NULL,	NULL,	NULL,	NULL,	NULL,	0,	NULL,	NULL,	NULL,	NULL,	NULL,	NULL,	NULL,	NULL,	NULL,	NULL,	NULL,	0,	NULL,	NULL,	NULL,	NULL,	NULL,	'2',	'2',	'1',	0),
(135,	NULL,	'Prince Kumar Sinha',	'princekumarsinha993@gmail.com',	'9835532962',	NULL,	NULL,	NULL,	NULL,	NULL,	1621752003,	'2022-04-01 04:39:34',	'1',	'0',	'1',	NULL,	NULL,	NULL,	NULL,	0,	0,	NULL,	NULL,	NULL,	NULL,	NULL,	NULL,	NULL,	NULL,	NULL,	NULL,	NULL,	NULL,	NULL,	NULL,	NULL,	NULL,	NULL,	NULL,	NULL,	NULL,	NULL,	NULL,	NULL,	NULL,	NULL,	NULL,	NULL,	NULL,	NULL,	NULL,	NULL,	0,	NULL,	NULL,	NULL,	NULL,	NULL,	NULL,	NULL,	NULL,	NULL,	NULL,	NULL,	0,	NULL,	NULL,	NULL,	NULL,	NULL,	'2',	'2',	'1',	0),
(136,	'Taazi Bhaaji',	'Pankaj Kumar',	'plantechinstruments@gmail.com',	'8745030860',	'1234567890',	64,	2,	2,	NULL,	1624202319,	'2022-07-12 20:10:43',	'1',	'0',	'1',	'en',	NULL,	NULL,	NULL,	0,	0,	'Pankaj Kumar',	'919020064057131',	'',	'UTIB0001575',	'HDFC',	'Delhi Main branch',	'Delhi',	'Delhi',	'DPKPK3463P',	'',	'Pankaj Kumar',	NULL,	NULL,	NULL,	NULL,	NULL,	'06DPKPK346P1Z9',	'',	NULL,	'121013',	'Faridabad',	'Haryana',	'',	NULL,	NULL,	NULL,	NULL,	NULL,	NULL,	NULL,	NULL,	0,	NULL,	NULL,	NULL,	NULL,	NULL,	NULL,	NULL,	NULL,	NULL,	NULL,	NULL,	0,	NULL,	NULL,	NULL,	NULL,	NULL,	'2',	'2',	'1',	0),
(137,	NULL,	'Haider Khan',	'haramkhor.khan@gmail.com',	'7568481482',	NULL,	NULL,	NULL,	NULL,	NULL,	1624768857,	'2022-04-01 04:39:34',	'1',	'0',	'1',	NULL,	NULL,	NULL,	NULL,	0,	0,	NULL,	NULL,	NULL,	NULL,	NULL,	NULL,	NULL,	NULL,	NULL,	NULL,	NULL,	NULL,	NULL,	NULL,	NULL,	NULL,	NULL,	NULL,	NULL,	NULL,	NULL,	NULL,	NULL,	NULL,	NULL,	NULL,	NULL,	NULL,	NULL,	NULL,	NULL,	0,	NULL,	NULL,	NULL,	NULL,	NULL,	NULL,	NULL,	NULL,	NULL,	NULL,	NULL,	0,	NULL,	NULL,	NULL,	NULL,	NULL,	'2',	'2',	'1',	0),
(138,	'Bittu',	'Bittu',	'kumarpankaj9780556603@gmail.com',	'9780556603',	NULL,	68,	13,	1,	NULL,	1625035212,	'2022-04-01 04:39:34',	'1',	'0',	'1',	NULL,	NULL,	NULL,	NULL,	0,	0,	NULL,	NULL,	NULL,	NULL,	NULL,	NULL,	NULL,	NULL,	NULL,	NULL,	NULL,	NULL,	NULL,	NULL,	NULL,	NULL,	NULL,	NULL,	NULL,	'141012',	'Ludhiana',	'Punjab',	'',	NULL,	NULL,	NULL,	NULL,	NULL,	NULL,	NULL,	NULL,	0,	NULL,	NULL,	NULL,	NULL,	NULL,	NULL,	NULL,	NULL,	NULL,	NULL,	NULL,	0,	NULL,	NULL,	NULL,	NULL,	NULL,	'2',	'2',	'1',	0),
(139,	'Longcent Essentials Private Limited',	'Abhiraj Singh',	'avessentialsghitorni@gmail.com',	'9560246919',	'1234567890',	64,	2,	1,	NULL,	1626511927,	'2022-04-01 04:39:34',	'1',	'0',	'1',	'en',	1.00,	NULL,	NULL,	0,	0,	NULL,	NULL,	NULL,	NULL,	NULL,	NULL,	NULL,	NULL,	NULL,	NULL,	NULL,	NULL,	NULL,	NULL,	NULL,	NULL,	NULL,	NULL,	NULL,	NULL,	NULL,	NULL,	NULL,	NULL,	NULL,	NULL,	'1627218150av_trans.png',	NULL,	NULL,	NULL,	NULL,	1,	'1627218150av_trans.png',	1627217906,	'please let this be open',	'1627218150av_trans.png',	NULL,	NULL,	NULL,	NULL,	NULL,	NULL,	NULL,	1,	NULL,	NULL,	NULL,	NULL,	NULL,	'2',	'2',	'1',	0),
(140,	'Shop',	'Raj',	'chanchal1122sharmal@gmail.com',	'9098230260',	NULL,	64,	2,	3,	NULL,	1628084507,	'2022-04-01 04:39:34',	'1',	'0',	'1',	NULL,	NULL,	NULL,	NULL,	0,	0,	NULL,	NULL,	NULL,	NULL,	NULL,	NULL,	NULL,	NULL,	NULL,	NULL,	NULL,	NULL,	NULL,	NULL,	NULL,	NULL,	NULL,	NULL,	NULL,	'473001',	'guna',	'madhay mradesh',	'',	NULL,	NULL,	NULL,	NULL,	NULL,	NULL,	NULL,	NULL,	0,	NULL,	NULL,	NULL,	NULL,	NULL,	NULL,	NULL,	NULL,	NULL,	NULL,	NULL,	0,	NULL,	NULL,	NULL,	NULL,	NULL,	'2',	'2',	'1',	0),
(141,	NULL,	'gayathri swaminathan',	'gayathri.swaminathan05@gmail.com',	'7331190333',	NULL,	NULL,	NULL,	NULL,	NULL,	1630743205,	'2022-04-01 04:39:34',	'1',	'0',	'1',	NULL,	NULL,	NULL,	NULL,	0,	0,	NULL,	NULL,	NULL,	NULL,	NULL,	NULL,	NULL,	NULL,	NULL,	NULL,	NULL,	NULL,	NULL,	NULL,	NULL,	NULL,	NULL,	NULL,	NULL,	NULL,	NULL,	NULL,	NULL,	NULL,	NULL,	NULL,	NULL,	NULL,	NULL,	NULL,	NULL,	0,	NULL,	NULL,	NULL,	NULL,	NULL,	NULL,	NULL,	NULL,	NULL,	NULL,	NULL,	0,	NULL,	NULL,	NULL,	NULL,	NULL,	'2',	'2',	'1',	0),
(142,	'Gdees Supermart',	'Sanjay Goyal',	'sanjayatsilveraxe@gmail.com',	'9810220478',	'Rupesh2801@@@',	64,	2,	3,	NULL,	1630948551,	'2023-03-07 10:08:58',	'1',	'0',	'1',	'en',	0.25,	NULL,	NULL,	500,	0,	'GDEES SUPER MART',	'002105029391',	'1678183738PHOTO-2022-05-31-23-12-39.jpg',	'icic0000021',	'ICICI BANK LIMITED',	'GURGAON - SECTOR 14',	'GURGAON',	'HARYANA',	'AIOPJ1291Q',	NULL,	'GDEES',	'GDEESSupermart',	NULL,	NULL,	NULL,	2,	NULL,	NULL,	NULL,	'110068',	'SOUTH DELHI',	'Delhi',	NULL,	'10:00 AM',	'11:00 PM',	NULL,	'1655750975gdees_web.png',	NULL,	NULL,	NULL,	NULL,	1,	'1655750975gdees_web.png',	1655750887,	'hi',	'1655750975gdees_web.png',	'facebook.com',	'twitter.com',	'instagram.com',	'youtube.com',	'https://wa.me/919810220478',	'https://play.google.com/store/apps/details?id=com.rewardsplus.gdees',	'appstore.com',	1,	NULL,	NULL,	NULL,	'9810220478',	'1639563932gdees_splash.png',	'2',	'2',	'1',	0),
(143,	'Pintu Prasad',	'Ashish Jha',	'billionairemoment@gmail.com',	'9135289103',	NULL,	64,	2,	1,	NULL,	1635575564,	'2022-06-25 12:13:01',	'1',	'0',	'1',	NULL,	NULL,	NULL,	NULL,	0,	0,	'Avinash',	'731514039',	'',	'IDIB00H019',	'HDFC',	'Delhi Main branch',	'Delhi',	'Delhi',	'AIOPJ1291Q',	'',	'Avinash K Jha',	NULL,	NULL,	NULL,	NULL,	NULL,	'AS',	'',	NULL,	'110016',	'Delhi',	'deklhi',	'',	NULL,	NULL,	NULL,	NULL,	NULL,	NULL,	NULL,	NULL,	0,	NULL,	NULL,	NULL,	NULL,	NULL,	NULL,	NULL,	NULL,	NULL,	NULL,	NULL,	0,	NULL,	NULL,	NULL,	NULL,	NULL,	'2',	'2',	'1',	0),
(144,	'Green Grocer',	'Saurabh Kumar',	'saurav.1486@gmail.com',	'9582040801',	'1234567890',	64,	2,	2,	NULL,	1635850303,	'2022-04-01 04:39:34',	'1',	'0',	'1',	'en',	0.25,	NULL,	NULL,	0,	0,	NULL,	NULL,	NULL,	NULL,	NULL,	NULL,	NULL,	NULL,	NULL,	NULL,	NULL,	NULL,	NULL,	NULL,	NULL,	NULL,	NULL,	NULL,	NULL,	NULL,	NULL,	NULL,	NULL,	NULL,	NULL,	NULL,	NULL,	NULL,	NULL,	NULL,	NULL,	0,	NULL,	NULL,	NULL,	NULL,	NULL,	NULL,	NULL,	NULL,	NULL,	NULL,	NULL,	0,	NULL,	NULL,	NULL,	NULL,	NULL,	'1',	'2',	'1',	0),
(145,	'Pinky Sales',	'Pro Steps',	'prosteps.2021@steps.in',	'9999965775',	'steps@350',	64,	18,	1,	NULL,	1636445368,	'2023-05-16 18:20:45',	'1',	'0',	'1',	'en',	0.25,	NULL,	NULL,	0,	0,	NULL,	NULL,	NULL,	NULL,	NULL,	NULL,	NULL,	NULL,	NULL,	NULL,	NULL,	NULL,	NULL,	NULL,	NULL,	NULL,	NULL,	NULL,	NULL,	NULL,	NULL,	NULL,	NULL,	NULL,	NULL,	NULL,	'1662027177STEPS LOGO FOR WEB-01.png',	NULL,	NULL,	NULL,	NULL,	1,	'1662027177STEPS LOGO FOR WEB-01.png',	NULL,	NULL,	'1662027177STEPS LOGO FOR WEB-01.png',	NULL,	NULL,	NULL,	NULL,	NULL,	NULL,	NULL,	0,	NULL,	NULL,	'1. No Cash Refund\r\n2. Warranty for 3 Months for any manufacturing defect\r\n3 No Exchange and return on discounted product.\r\n4. Exchange period is 15 days before use.\r\n5. Disputes subjects to Delhi Jurisdiction only\r\n6. Customer Care Contact- 011-41421984',	'011-41421984',	NULL,	'2',	'1',	'1',	0),
(146,	'Adrish',	'Ajay Bangga',	'adrishgk194@gmail.com',	'9871225187',	'1234567890',	64,	19,	1,	NULL,	1637383714,	'2022-11-03 16:01:38',	'1',	'0',	'1',	'en',	NULL,	NULL,	NULL,	0,	0,	NULL,	NULL,	NULL,	NULL,	NULL,	NULL,	NULL,	NULL,	NULL,	NULL,	NULL,	NULL,	NULL,	NULL,	NULL,	NULL,	NULL,	NULL,	NULL,	NULL,	NULL,	NULL,	NULL,	NULL,	NULL,	NULL,	'1657474806kandavika_11.png',	NULL,	NULL,	NULL,	NULL,	1,	'1657474806kandavika_11.png',	1639681121,	'Hi',	'1657474806kandavika_11.png',	NULL,	NULL,	NULL,	NULL,	NULL,	NULL,	NULL,	1,	NULL,	NULL,	NULL,	NULL,	NULL,	'1',	'2',	'1',	0),
(147,	'Budget Super Market',	'Pooja',	'budhetsupermarket@gmail.com',	'9811642382',	'1234567890',	64,	2,	2,	NULL,	1639976536,	'2022-04-01 04:39:34',	'1',	'0',	'1',	'en',	0.25,	NULL,	NULL,	0,	0,	NULL,	NULL,	NULL,	NULL,	NULL,	NULL,	NULL,	NULL,	NULL,	NULL,	NULL,	NULL,	NULL,	NULL,	NULL,	NULL,	NULL,	NULL,	NULL,	NULL,	NULL,	NULL,	NULL,	NULL,	NULL,	NULL,	'1641027986bsm.jpg',	NULL,	NULL,	NULL,	NULL,	1,	'1641027986bsm.jpg',	NULL,	NULL,	'1641027986bsm.jpg',	NULL,	NULL,	NULL,	NULL,	NULL,	NULL,	NULL,	1,	NULL,	NULL,	NULL,	NULL,	NULL,	'1',	'2',	'1',	0),
(149,	'Smart Biz Solutions',	'Praveen Garg',	'smartbizsolutionsnoida@gmail.com',	'9871000106',	'1234567890',	64,	2,	3,	NULL,	1644566905,	'2022-11-02 08:48:37',	'1',	'0',	'1',	'en',	NULL,	NULL,	NULL,	0,	0,	NULL,	NULL,	NULL,	NULL,	NULL,	NULL,	NULL,	NULL,	NULL,	NULL,	NULL,	NULL,	NULL,	NULL,	NULL,	NULL,	NULL,	NULL,	NULL,	NULL,	NULL,	NULL,	NULL,	NULL,	NULL,	NULL,	'1655558635de_logo.png',	NULL,	NULL,	NULL,	NULL,	1,	'1655558635de_logo.png',	NULL,	NULL,	NULL,	'https://www.facebook.com/dlyesentials',	NULL,	NULL,	NULL,	NULL,	'https://play.google.com/store/apps/details?id=com.rewardsplus.dailyessentials',	NULL,	1,	NULL,	NULL,	NULL,	NULL,	NULL,	'2',	'2',	'1',	0),
(150,	'Kwik Grocer',	'Hashim Khan',	'kwikgrocer@gmail.com',	'9899522424',	'1234567890',	64,	2,	2,	NULL,	1646903234,	'2022-04-04 14:07:10',	'1',	'0',	'1',	'en',	NULL,	NULL,	NULL,	0,	0,	NULL,	NULL,	NULL,	NULL,	NULL,	NULL,	NULL,	NULL,	NULL,	NULL,	NULL,	NULL,	NULL,	NULL,	NULL,	NULL,	NULL,	NULL,	NULL,	NULL,	NULL,	NULL,	NULL,	NULL,	NULL,	NULL,	NULL,	NULL,	NULL,	NULL,	NULL,	0,	NULL,	NULL,	NULL,	NULL,	NULL,	NULL,	NULL,	NULL,	NULL,	NULL,	NULL,	0,	NULL,	NULL,	NULL,	'9873242405',	NULL,	'2',	'2',	'1',	0),
(151,	'Appziaa',	'Avinas',	'avinash@aspl.tec',	'9650861178',	'aW5478901@',	64,	2,	3,	NULL,	1657377391,	'2022-07-09 14:46:09',	'1',	'0',	'1',	'en',	NULL,	NULL,	NULL,	0,	0,	NULL,	NULL,	NULL,	NULL,	NULL,	NULL,	NULL,	NULL,	NULL,	NULL,	NULL,	NULL,	NULL,	NULL,	NULL,	NULL,	NULL,	NULL,	NULL,	NULL,	NULL,	NULL,	NULL,	NULL,	NULL,	NULL,	NULL,	NULL,	NULL,	NULL,	NULL,	0,	NULL,	NULL,	NULL,	NULL,	NULL,	NULL,	NULL,	NULL,	NULL,	NULL,	NULL,	0,	NULL,	NULL,	NULL,	NULL,	NULL,	'2',	'2',	'1',	0),
(152,	'Appziaa',	'Avinash Jha',	'avinash@aspl.te',	'9810205678',	'aW5478901@',	65,	11,	3,	NULL,	1657445281,	'2022-07-10 09:28:01',	'1',	'0',	'1',	NULL,	NULL,	NULL,	NULL,	0,	0,	NULL,	NULL,	NULL,	NULL,	NULL,	NULL,	NULL,	NULL,	NULL,	NULL,	NULL,	NULL,	NULL,	NULL,	NULL,	NULL,	NULL,	NULL,	NULL,	NULL,	NULL,	NULL,	NULL,	NULL,	NULL,	NULL,	NULL,	NULL,	NULL,	NULL,	NULL,	0,	NULL,	NULL,	NULL,	NULL,	NULL,	NULL,	NULL,	NULL,	NULL,	NULL,	NULL,	0,	NULL,	NULL,	NULL,	NULL,	NULL,	'2',	'2',	'1',	0),
(153,	'Appziaa',	'Avinash',	'avinash@direct2labs.co.in',	'9650867790',	'1234567890',	68,	14,	3,	NULL,	1657448402,	'2022-07-10 11:12:49',	'1',	'0',	'1',	'en',	NULL,	NULL,	NULL,	0,	0,	NULL,	NULL,	NULL,	NULL,	NULL,	NULL,	NULL,	NULL,	NULL,	NULL,	NULL,	NULL,	NULL,	NULL,	NULL,	NULL,	NULL,	NULL,	NULL,	NULL,	NULL,	NULL,	NULL,	NULL,	NULL,	NULL,	NULL,	NULL,	NULL,	NULL,	NULL,	0,	NULL,	NULL,	NULL,	NULL,	NULL,	NULL,	NULL,	NULL,	NULL,	NULL,	NULL,	0,	NULL,	NULL,	NULL,	NULL,	NULL,	'2',	'2',	'1',	0),
(154,	'Avinash',	'Avinash',	'avinash25oct@gmail.co.in',	'9650898990',	'1234567890',	65,	11,	3,	NULL,	1657451791,	'2022-07-10 11:16:31',	'1',	'0',	'1',	NULL,	NULL,	NULL,	NULL,	0,	0,	NULL,	NULL,	NULL,	NULL,	NULL,	NULL,	NULL,	NULL,	NULL,	NULL,	NULL,	NULL,	NULL,	NULL,	NULL,	NULL,	NULL,	NULL,	NULL,	NULL,	NULL,	NULL,	NULL,	NULL,	NULL,	NULL,	NULL,	NULL,	NULL,	NULL,	NULL,	0,	NULL,	NULL,	NULL,	NULL,	NULL,	NULL,	NULL,	NULL,	NULL,	NULL,	NULL,	0,	NULL,	NULL,	NULL,	NULL,	NULL,	'2',	'2',	'1',	0),
(155,	'Patgiri Store',	'Rajendra22',	'r292404@gmail.com',	'9613325703',	NULL,	64,	2,	2,	NULL,	1657554106,	'2022-07-11 15:43:23',	'1',	'0',	'1',	NULL,	NULL,	NULL,	NULL,	0,	0,	NULL,	NULL,	NULL,	NULL,	NULL,	NULL,	NULL,	NULL,	NULL,	NULL,	NULL,	NULL,	NULL,	NULL,	NULL,	NULL,	NULL,	NULL,	NULL,	'784169',	'Sonitpur',	'assam',	'',	NULL,	NULL,	NULL,	NULL,	NULL,	NULL,	NULL,	NULL,	0,	NULL,	NULL,	NULL,	NULL,	NULL,	NULL,	NULL,	NULL,	NULL,	NULL,	NULL,	0,	NULL,	NULL,	NULL,	NULL,	NULL,	'2',	'2',	'1',	0),
(157,	'Erica\'s Bakery cakes & More',	'Avinash K Jha',	'ericasbakeryin@gmail.com',	'9560205262',	'1234567890',	66,	20,	2,	NULL,	1665218849,	'2022-10-21 10:38:00',	'1',	'0',	'1',	'en',	NULL,	NULL,	NULL,	0,	0,	NULL,	NULL,	NULL,	NULL,	NULL,	NULL,	NULL,	NULL,	NULL,	NULL,	NULL,	NULL,	NULL,	NULL,	NULL,	NULL,	NULL,	NULL,	NULL,	NULL,	NULL,	NULL,	NULL,	NULL,	NULL,	NULL,	NULL,	NULL,	NULL,	NULL,	NULL,	0,	NULL,	NULL,	NULL,	NULL,	NULL,	NULL,	NULL,	NULL,	NULL,	NULL,	NULL,	0,	NULL,	NULL,	NULL,	NULL,	NULL,	'2',	'2',	'1',	0),
(158,	'Anandkand Pure Naturals',	'Sanjay Banga',	'chainaramsouthdelhi@gmail.com',	'8527621010',	'aW5478901!',	64,	10,	2,	NULL,	1665667025,	'2022-11-03 13:10:19',	'1',	'0',	'1',	'en',	NULL,	NULL,	NULL,	0,	0,	NULL,	NULL,	NULL,	NULL,	NULL,	NULL,	NULL,	NULL,	NULL,	NULL,	NULL,	NULL,	NULL,	NULL,	NULL,	NULL,	NULL,	NULL,	NULL,	NULL,	NULL,	NULL,	NULL,	NULL,	NULL,	NULL,	'1665680029CR LOGO 188X58.png',	NULL,	NULL,	NULL,	NULL,	1,	'1665680029CR LOGO 188X58.png',	NULL,	NULL,	'1665680029CR LOGO 188X58.png',	NULL,	NULL,	NULL,	NULL,	NULL,	NULL,	NULL,	1,	NULL,	NULL,	NULL,	NULL,	NULL,	'1',	'2',	'1',	0),
(159,	'Gogia\'s',	'Ankur Gogia',	'ankurgogia@gmail.com',	'9813950590',	'aW5478901',	62,	12,	2,	NULL,	1669436683,	'2022-12-28 12:47:33',	'1',	'0',	'1',	'en',	NULL,	NULL,	NULL,	0,	0,	NULL,	NULL,	NULL,	NULL,	NULL,	NULL,	NULL,	NULL,	NULL,	NULL,	NULL,	NULL,	NULL,	NULL,	NULL,	NULL,	NULL,	NULL,	NULL,	NULL,	NULL,	NULL,	NULL,	NULL,	NULL,	NULL,	NULL,	NULL,	NULL,	NULL,	NULL,	0,	NULL,	NULL,	NULL,	NULL,	NULL,	NULL,	NULL,	NULL,	'https://wa.me/917015016310',	NULL,	NULL,	0,	NULL,	NULL,	NULL,	NULL,	NULL,	'2',	'2',	'1',	0),
(160,	'Bellinze Foods',	'Karan Kumar',	'bellinzefoods@gmail.com',	'8146006659',	'1234567890',	62,	12,	2,	NULL,	1669630647,	'2022-12-07 14:21:47',	'1',	'0',	'1',	'en',	NULL,	NULL,	NULL,	0,	0,	NULL,	NULL,	NULL,	NULL,	NULL,	NULL,	NULL,	NULL,	NULL,	NULL,	NULL,	NULL,	NULL,	NULL,	NULL,	NULL,	NULL,	NULL,	NULL,	NULL,	NULL,	NULL,	NULL,	NULL,	NULL,	NULL,	'1669637377Delbiteslogo.png',	NULL,	NULL,	NULL,	NULL,	1,	'1669637377Delbiteslogo.png',	1669636252,	'need',	'1669637377Delbiteslogo.png',	'https://www.facebook.com/profile.php?id=100086056417054&mibextid=ZbWKwL',	NULL,	'https://instagram.com/delbite.jw?igshid=YmMyMTA2M2Y=',	NULL,	'https://wa.me/919205966377',	NULL,	NULL,	1,	NULL,	NULL,	NULL,	NULL,	NULL,	'2',	'2',	'1',	0),
(161,	'Circle Mart',	'Abhinav Dixit',	'info.circlemart@gmail.com',	'8882056180',	'1234567890',	64,	2,	3,	NULL,	1669892254,	'2022-12-13 12:40:05',	'1',	'0',	'1',	'en',	NULL,	NULL,	NULL,	0,	0,	NULL,	NULL,	NULL,	NULL,	NULL,	NULL,	NULL,	NULL,	NULL,	NULL,	NULL,	NULL,	NULL,	NULL,	NULL,	NULL,	NULL,	NULL,	NULL,	NULL,	NULL,	NULL,	NULL,	NULL,	NULL,	NULL,	'1670935205188 X 60.png',	NULL,	NULL,	NULL,	NULL,	1,	'1670935205188 X 60.png',	NULL,	NULL,	'1670935205188 X 60.png',	NULL,	NULL,	NULL,	NULL,	NULL,	NULL,	NULL,	1,	NULL,	NULL,	NULL,	NULL,	NULL,	'2',	'2',	'1',	0),
(162,	'Giftco Exports',	'Md Javed',	'cs@montbold.in',	'9810181537',	'1234567890',	64,	21,	2,	'16794068832.jpg',	1672729711,	'2023-04-11 17:25:03',	'1',	'0',	'1',	'en',	NULL,	NULL,	NULL,	0,	0,	'GIFTCO EXPORTS',	'530011015838',	'1678183393Screenshot 2023-03-07 at 3.31.57 PM.png',	'KKBK0000191',	'KOTAK MAHINDRA BANK LIMITED',	'DELHI - KORAL BAGH',	'DELHI',	'DELHI',	'ADVPJ0017G',	NULL,	'MOHammedJaved',	'Giftcoexports',	NULL,	NULL,	NULL,	1,	'07ADVPJ0017G1ZO',	'1678183213NEW GST RC.pdf',	NULL,	'110005',	'CENTRAL DELHI',	'Delhi',	NULL,	'8:00 AM',	'9:00 PM',	'Sunday',	'167273685960x180-without-background.png',	NULL,	NULL,	NULL,	NULL,	1,	'167273685960x180-without-background.png',	1672736770,	'open',	'167273685960x180-without-background.png',	'https://www.facebook.com/Montbold.official',	NULL,	'https://instagram.com/montbold.official?igshid=YmMyMTA2M2Y=',	NULL,	'8076761690',	NULL,	NULL,	1,	NULL,	NULL,	NULL,	NULL,	NULL,	'2',	'2',	'1',	0),
(163,	'Trisha Food Beverage',	'Bhola Kumar',	'cs@starcafe.live',	'9873054289',	'aW5478901@',	62,	12,	2,	NULL,	1673083437,	'2023-01-10 10:06:55',	'1',	'0',	'1',	'en',	NULL,	NULL,	NULL,	0,	0,	NULL,	NULL,	NULL,	NULL,	NULL,	NULL,	NULL,	NULL,	NULL,	NULL,	NULL,	NULL,	NULL,	NULL,	NULL,	NULL,	NULL,	NULL,	NULL,	NULL,	NULL,	NULL,	NULL,	NULL,	NULL,	NULL,	'1673088470starcafe.png',	NULL,	NULL,	NULL,	NULL,	1,	'1673088470starcafe.png',	NULL,	NULL,	'1673088470starcafe.png',	NULL,	NULL,	'https://www.instagram.com/starcafeindia/?next=%2F&hl=en',	NULL,	'https://wa.me/919873054289',	NULL,	NULL,	1,	NULL,	NULL,	NULL,	NULL,	NULL,	'2',	'2',	'1',	0),
(164,	'Chaina Ram',	'Kunal Balani',	'cs@chainaram.in',	'9899114416',	'aW5478901@',	64,	10,	3,	NULL,	1673432984,	'2023-02-22 14:52:55',	'1',	'0',	'1',	'en',	NULL,	NULL,	NULL,	0,	0,	NULL,	NULL,	NULL,	NULL,	NULL,	NULL,	NULL,	NULL,	NULL,	NULL,	NULL,	NULL,	NULL,	NULL,	NULL,	NULL,	NULL,	NULL,	NULL,	NULL,	NULL,	NULL,	NULL,	NULL,	NULL,	NULL,	NULL,	NULL,	NULL,	NULL,	NULL,	0,	NULL,	NULL,	NULL,	NULL,	NULL,	NULL,	'https://www.instagram.com/chainaramsindhihalwai/',	NULL,	NULL,	NULL,	NULL,	0,	NULL,	NULL,	NULL,	NULL,	NULL,	'2',	'2',	'1',	0),
(165,	'The Open Box Inc',	'Rajan Sood',	'info@neverowned.in',	'9873634478',	'1234567890',	64,	22,	3,	NULL,	1673953487,	'2023-04-22 08:54:23',	'1',	'0',	'1',	'en',	NULL,	NULL,	NULL,	0,	0,	'OPEN BOX INC',	'50200069904389',	'1682153663Cancel Cheque.jpeg',	'HDFC0000003',	'HDFC BANK',	'K G MARG',	'NEW DELHI',	'DELHI',	'AAHFO9636R',	NULL,	'OPENBOXINC',	NULL,	NULL,	NULL,	NULL,	1,	'07AAHFO9636R1ZA',	NULL,	NULL,	NULL,	NULL,	NULL,	NULL,	'8:00 AM',	'8:30 AM',	NULL,	NULL,	NULL,	NULL,	NULL,	NULL,	0,	NULL,	NULL,	NULL,	NULL,	NULL,	NULL,	NULL,	NULL,	NULL,	NULL,	NULL,	0,	NULL,	NULL,	'1. This is factory seconds or Open Box material sale.\r\n2. No Return or Replacement applicable on any of the products.\r\n3.All disputes are subject to Delhi jurisdiction.',	'9911163300',	'1678792297Modern N Letter Illustration Service Logo png-01.png',	'2',	'2',	'1',	0),
(166,	'Knick Knack',	'Varun Kumar',	'knickk8@gmail.com',	'9999756468',	'1234567890',	64,	23,	2,	NULL,	1676282251,	'2023-03-23 13:25:47',	'1',	'0',	'1',	'en',	NULL,	NULL,	NULL,	0,	0,	NULL,	NULL,	NULL,	NULL,	NULL,	NULL,	NULL,	NULL,	NULL,	NULL,	NULL,	NULL,	NULL,	NULL,	NULL,	NULL,	NULL,	NULL,	NULL,	NULL,	NULL,	NULL,	NULL,	NULL,	NULL,	NULL,	NULL,	NULL,	NULL,	NULL,	NULL,	0,	NULL,	NULL,	NULL,	NULL,	'https://www.facebook.com/knickknacktoys42',	NULL,	'https://www.instagram.com/knickknacktoys42/',	NULL,	NULL,	NULL,	NULL,	0,	NULL,	NULL,	NULL,	NULL,	NULL,	'2',	'2',	'1',	0),
(167,	'Tara Sales Corporation',	'Tara Dutt Sharma',	'taradutt777@yahoo.in',	'8826476664',	'1234567890',	64,	23,	2,	NULL,	1680161173,	'2023-05-12 13:23:12',	'1',	'0',	'1',	'en',	NULL,	NULL,	NULL,	0,	0,	NULL,	NULL,	NULL,	NULL,	NULL,	NULL,	NULL,	NULL,	NULL,	NULL,	NULL,	NULL,	NULL,	NULL,	NULL,	NULL,	NULL,	NULL,	NULL,	NULL,	NULL,	NULL,	NULL,	NULL,	NULL,	NULL,	'1680162951180X60.png',	NULL,	NULL,	NULL,	NULL,	1,	'1680162951180X60.png',	1680162883,	'Please open',	'1680162951180X60.png',	NULL,	NULL,	'https://www.instagram.com/tsc.tara_toys/',	NULL,	NULL,	NULL,	NULL,	1,	NULL,	NULL,	NULL,	NULL,	NULL,	'2',	'2',	'0',	0),
(168,	'Saraswati Trading company',	'Pankaj',	'bodyshopggn@gmail.com',	'8810777777',	'stc@1234',	64,	38,	2,	NULL,	1681814300,	'2023-05-11 08:59:01',	'1',	'0',	'1',	'en',	NULL,	NULL,	NULL,	0,	0,	NULL,	NULL,	NULL,	NULL,	NULL,	NULL,	NULL,	NULL,	NULL,	NULL,	NULL,	NULL,	NULL,	NULL,	NULL,	NULL,	NULL,	NULL,	NULL,	NULL,	NULL,	NULL,	NULL,	NULL,	NULL,	NULL,	NULL,	NULL,	NULL,	NULL,	NULL,	0,	NULL,	NULL,	NULL,	NULL,	NULL,	NULL,	NULL,	NULL,	NULL,	NULL,	NULL,	0,	NULL,	NULL,	NULL,	NULL,	NULL,	'2',	'2',	'1',	0),
(169,	'Happy Zone',	'Arun Kumar Khattar',	'arunkkhattar@gmail.com',	'9650070828',	'1234567890',	64,	23,	2,	NULL,	1682419480,	'2023-05-03 13:10:03',	'1',	'0',	'1',	'en',	NULL,	NULL,	NULL,	0,	0,	NULL,	NULL,	NULL,	NULL,	NULL,	NULL,	NULL,	NULL,	NULL,	NULL,	NULL,	NULL,	NULL,	NULL,	NULL,	NULL,	NULL,	NULL,	NULL,	NULL,	NULL,	NULL,	NULL,	NULL,	NULL,	NULL,	NULL,	NULL,	NULL,	NULL,	NULL,	0,	NULL,	NULL,	NULL,	NULL,	NULL,	NULL,	NULL,	NULL,	NULL,	NULL,	NULL,	0,	NULL,	NULL,	NULL,	NULL,	NULL,	'2',	'2',	'1',	0),
(170,	'Oscar Sweet Shop Pvt Ltd',	'Aankush Singh',	'aankushsingh16@gmail.com',	'7428010972',	'1234567890',	64,	10,	1,	NULL,	1683200073,	'2023-05-04 11:34:33',	'1',	'0',	'1',	NULL,	NULL,	NULL,	NULL,	0,	0,	NULL,	NULL,	NULL,	NULL,	NULL,	NULL,	NULL,	NULL,	NULL,	NULL,	NULL,	NULL,	NULL,	NULL,	NULL,	NULL,	NULL,	NULL,	NULL,	NULL,	NULL,	NULL,	NULL,	NULL,	NULL,	NULL,	NULL,	NULL,	NULL,	NULL,	NULL,	0,	NULL,	NULL,	NULL,	NULL,	NULL,	NULL,	NULL,	NULL,	NULL,	NULL,	NULL,	0,	NULL,	NULL,	NULL,	NULL,	NULL,	'2',	'2',	'1',	0),
(171,	'Bombay Bags and Novelties',	'Adeel Shamsi',	'bombaybagfactory@gmail.com',	'9650933786',	'1234567890',	64,	21,	2,	NULL,	1683528329,	'2023-05-09 09:11:00',	'1',	'0',	'1',	'en',	NULL,	NULL,	NULL,	0,	0,	NULL,	NULL,	NULL,	NULL,	NULL,	NULL,	NULL,	NULL,	NULL,	NULL,	NULL,	NULL,	NULL,	NULL,	NULL,	NULL,	NULL,	NULL,	NULL,	NULL,	NULL,	NULL,	NULL,	NULL,	NULL,	NULL,	NULL,	NULL,	NULL,	NULL,	NULL,	0,	NULL,	NULL,	NULL,	NULL,	NULL,	NULL,	NULL,	NULL,	NULL,	NULL,	NULL,	0,	NULL,	NULL,	NULL,	NULL,	NULL,	'2',	'2',	'0',	0);

DROP TABLE IF EXISTS `employee`;
CREATE TABLE `employee` (
  `id` int(15) NOT NULL AUTO_INCREMENT,
  `sales_person_id` text,
  `uniqid` varchar(255) DEFAULT NULL,
  `company_id` int(11) DEFAULT NULL,
  `store_id` int(11) DEFAULT NULL,
  `emp_type` enum('1','2','3','4') DEFAULT '2' COMMENT '1=Admin,2=Cashier,3=Back Office',
  `emp_code` varchar(15) DEFAULT NULL,
  `name` varchar(100) DEFAULT NULL,
  `email` varchar(100) DEFAULT NULL,
  `password` varchar(200) DEFAULT NULL,
  `contact` varchar(255) DEFAULT NULL,
  `address` varchar(100) DEFAULT NULL,
  `aadhar_no` varchar(25) DEFAULT NULL,
  `pan_no` varchar(55) DEFAULT NULL,
  `account_no` varchar(100) DEFAULT NULL,
  `ifsc_code` varchar(100) DEFAULT NULL,
  `photo` varchar(100) DEFAULT NULL,
  `address_proof` varchar(250) DEFAULT NULL,
  `aadhar` varchar(250) DEFAULT NULL,
  `pancard` varchar(250) DEFAULT NULL,
  `other` varchar(250) DEFAULT NULL,
  `location` varchar(155) DEFAULT NULL,
  `profile_photo` varchar(255) DEFAULT NULL,
  `create_at` int(11) NOT NULL,
  `update_at` timestamp NOT NULL DEFAULT CURRENT_TIMESTAMP ON UPDATE CURRENT_TIMESTAMP,
  `status` enum('0','1') NOT NULL DEFAULT '1' COMMENT '1=enable;2=disable',
  `is_delete` enum('1','0') NOT NULL DEFAULT '1' COMMENT '1=not_delete;0=delete',
  `language` varchar(10) DEFAULT NULL,
  `printer_type` tinyint(4) NOT NULL DEFAULT '2' COMMENT '1=>normal printer(A4),2=>thurmal',
  `salery` varchar(100) DEFAULT NULL,
  PRIMARY KEY (`id`)
) ENGINE=InnoDB DEFAULT CHARSET=latin1;

INSERT INTO `employee` (`id`, `sales_person_id`, `uniqid`, `company_id`, `store_id`, `emp_type`, `emp_code`, `name`, `email`, `password`, `contact`, `address`, `aadhar_no`, `pan_no`, `account_no`, `ifsc_code`, `photo`, `address_proof`, `aadhar`, `pancard`, `other`, `location`, `profile_photo`, `create_at`, `update_at`, `status`, `is_delete`, `language`, `printer_type`, `salery`) VALUES
(2,	NULL,	'1587039957',	3,	25,	'2',	'CA001',	'Sharad Kumar',	'sharad12oc@gmail.com',	'1234567890',	'8709881872',	'F 97, 1st Floor Katwaria Sarai',	'674066304091',	'AIOPJ1291Q',	'731514039',	'IDIB000H019',	NULL,	NULL,	NULL,	NULL,	NULL,	'25',	NULL,	1587039957,	'2021-02-20 13:35:20',	'1',	'1',	'en',	2,	NULL),
(3,	NULL,	'1590303789',	16,	28,	'2',	'Cash001',	'Avinash',	'admin@aspl.tech',	'1234567890',	'9650861174',	'katwaria',	'674066304091',	'AIOPJ1291Q',	'731514039',	'IDIB000H019',	NULL,	NULL,	NULL,	NULL,	NULL,	'28',	NULL,	1590303789,	'2021-02-20 13:35:20',	'1',	'1',	'en',	2,	NULL),
(4,	NULL,	'1593519185',	32,	31,	'2',	'001',	'Santosh',	'vikash_rai80@yahoo.co.in',	'123456789',	'9771491845',	'Gola Road',	'6740',	'123',	'123',	'123',	NULL,	NULL,	NULL,	NULL,	NULL,	'31',	NULL,	1593519185,	'2021-02-20 13:35:20',	'1',	'0',	NULL,	2,	NULL),
(5,	NULL,	'1597936938',	39,	34,	'2',	'00001',	'Shubham Kadbe',	'mydreams10cr@gmail.com',	'apnidukan',	'9049424459',	'Ward no.  4 anand nagar tarsa road kanhan',	'381466317222',	'DTSPK7700P',	'38530408888',	'SBIN0000432',	'1597936938IMG_20170211_161115(1).jpg',	'1597936938PANCARD.jpeg',	'1597936938PANCARD.jpeg',	'1597936938PANCARD.jpeg',	NULL,	'',	NULL,	1597936938,	'2021-02-20 13:35:20',	'1',	'0',	'en',	2,	NULL),
(6,	NULL,	'1598329197',	39,	34,	'3',	'00002',	'Shubham Kadbe',	'mydreams10cr@gmail.com',	'123456789',	'9049424459',	'Ward no.  4 anand nagar tarsa road kanhan',	'381466317222',	'DTSPK7700P',	'38530408888',	'SBIN0000432',	'1598329197FB_IMG_1557987269367.jpg',	'1598329197IMG_20191102_171959.jpg',	'1598329197IMG_20191102_171959.jpg',	'',	NULL,	'',	NULL,	1598329197,	'2021-02-20 13:35:20',	'1',	'1',	NULL,	2,	NULL),
(7,	NULL,	'1598329228',	39,	34,	'3',	'00002',	'Shubham Kadbe',	'mydreams10cr@gmail.com',	'apnidukan',	'9049424459',	'Ward no.  4 anand nagar tarsa road kanhan',	'381466317222',	'DTSPK7700P',	'38530408888',	'SBIN0000432',	'1598329228FB_IMG_1557987269367.jpg',	'1598329228IMG_20191102_171959.jpg',	'1598329228IMG_20191102_171959.jpg',	'1598329228IMG_20191102_172210.jpg',	NULL,	'',	NULL,	1598329228,	'2021-02-20 13:35:20',	'1',	'0',	NULL,	2,	NULL),
(8,	NULL,	'1601473596',	43,	36,	'2',	'KS001',	'Sahil',	'krishsupermart627462@gmail.com',	'abhinav1234',	'8376800004',	'Katwaria Sarai',	'1',	'A',	'1',	'A',	NULL,	NULL,	NULL,	NULL,	NULL,	'36',	NULL,	1601473596,	'2021-02-20 13:35:20',	'1',	'1',	NULL,	2,	NULL),
(9,	'2,24,25,26',	'1602147518',	48,	37,	'2',	'AFPC001',	'Dheeraj kumar',	'afp@gmail.com',	'1234567890',	'7428338219',	'F-108A Katwaria Sarai New Delhi, Delhi 110016',	'NA',	'DUWPS0248K',	'50100287511538',	'HDFC0002055',	NULL,	NULL,	NULL,	NULL,	NULL,	'37',	NULL,	1602147518,	'2023-01-18 10:54:30',	'1',	'1',	'en',	2,	NULL),
(10,	NULL,	'1610429620',	113,	40,	'2',	'C001',	'Shavan',	'shavan@aspl.tech',	'1234567890',	'9810399974',	'Delhi',	'1234567890',	'Aiopj1291q',	'731514039',	'idib000h019',	NULL,	NULL,	NULL,	NULL,	NULL,	'40',	NULL,	1610429620,	'2021-02-20 13:35:20',	'1',	'1',	'en',	2,	NULL),
(11,	NULL,	'1614499151',	113,	40,	'1',	'001',	'Neeraj mani tripathi',	'neerajmanitripathi9792@gmail.com',	'nahideraha',	'8840643303',	'sangam vihar',	'8165224542156',	'PANS8546P',	'8840643303',	'AIRTEL00000001',	NULL,	NULL,	NULL,	NULL,	NULL,	'',	NULL,	1614499151,	'2021-03-27 15:14:18',	'1',	'0',	NULL,	2,	NULL),
(12,	NULL,	'1614577112',	110,	39,	'2',	'001',	'Lalit kumar',	'kashyap.lalit101@gmail.com',	'1234567890',	'9899663652',	'House 1013, Ward No 7, Mehrauli, New Delhi',	'709835016962',	'7',	'7',	'7',	NULL,	NULL,	NULL,	NULL,	NULL,	'39',	NULL,	1614577112,	'2021-03-11 14:28:03',	'1',	'1',	'en',	2,	NULL),
(13,	NULL,	'1614668905',	121,	42,	'2',	'A1SN001',	'Uttam',	'a1bazaarsn@gmail.com',	'1234567890',	'9811068008',	'Sant Nagar',	'1',	'1',	'1',	'1',	NULL,	NULL,	NULL,	NULL,	NULL,	'42',	NULL,	1614668905,	'2022-03-03 09:06:10',	'1',	'1',	'en',	2,	NULL),
(14,	NULL,	'1615043308',	114,	41,	'2',	'MRPCSW1',	'Luv Rampal',	'luv24rampal@gmail.com',	'1234567890',	'9999798452',	'1901-B/19 Govindpuri Extension',	'566839785356',	'1',	'1',	'1',	NULL,	NULL,	NULL,	NULL,	NULL,	'41',	NULL,	1615043308,	'2021-08-07 17:07:58',	'1',	'1',	'en',	2,	NULL),
(15,	'',	'1615799063',	133,	48,	'2',	'HFMC001',	'Amit',	'amit8826632479@gmail.com',	'1234567890',	'8826632479',	'a',	'1',	'1',	'1',	'1',	NULL,	NULL,	NULL,	NULL,	NULL,	'48',	'1636825503HFM_LAUNCHER copy.png',	1615799063,	'2023-01-26 06:27:40',	'1',	'1',	'en',	2,	NULL),
(16,	NULL,	'1617612846',	48,	37,	'2',	'110016',	'Antaryami',	'avinash@gmail.com',	'123123123',	'9650861174',	'Test',	'Test',	'Test',	'Test',	'HDFC0004479',	NULL,	NULL,	NULL,	NULL,	NULL,	'37',	NULL,	1617612846,	'2021-04-05 08:57:58',	'1',	'0',	NULL,	2,	NULL),
(17,	NULL,	'1617612971',	48,	37,	'2',	'110016',	'Antaryami',	'ku',	'123123123',	'7291843310',	'Patna bihar india',	'test',	'test',	'test',	'HDFC0004479',	NULL,	NULL,	NULL,	NULL,	NULL,	'37',	NULL,	1617612971,	'2021-04-05 08:57:54',	'1',	'0',	NULL,	2,	NULL),
(18,	NULL,	'1617613141',	48,	37,	'2',	'110016',	'Avinash Chandra',	'av@gmail.com',	'123123123',	'9650861174',	'Test',	'Test',	'Test',	'Test',	'HDFC0004479',	NULL,	NULL,	NULL,	NULL,	NULL,	'37',	NULL,	1617613141,	'2021-04-05 08:59:01',	'1',	'1',	NULL,	2,	NULL),
(19,	NULL,	'1624363606',	127,	46,	'2',	'0012',	'ADMIN',	'help.honeymoneytop@gmail.com',	'7291978487',	'7291978487',	'25/3, MADANPUR KHADAR, SARITA VIHAR, DELHI JAL BOARD, NEAR GD GOINKA SCHOOL',	'455321321',	'455321321',	'455321321',	'455321321',	NULL,	NULL,	NULL,	NULL,	NULL,	'46,47',	NULL,	1624363606,	'2022-06-06 03:36:50',	'1',	'1',	'en',	2,	NULL),
(20,	'',	'1632213624',	142,	58,	'2',	'GDS01',	'Anand',	'gdeessupermart@gmail.com',	'anand@9506',	'9810220478',	'Building No 1, Gate No 1Main Ignou Road',	'NA',	'NA',	'NA',	'NA',	NULL,	NULL,	NULL,	NULL,	NULL,	'58',	'16367334950380bda9f4e25e131277523b7885566a.jpg',	1632213624,	'2023-01-02 10:59:50',	'1',	'1',	'en',	2,	NULL),
(21,	NULL,	'1633942646',	31,	49,	'2',	'WM01',	'Rakesh',	'rg@aspl.tech',	'1234567890',	'9811995444',	'Katwaria Sarai',	'1',	'1',	'1',	'1',	NULL,	NULL,	NULL,	NULL,	NULL,	'49',	NULL,	1633942646,	'2021-10-11 08:57:26',	'1',	'1',	NULL,	2,	NULL),
(22,	'',	'1635681013',	142,	58,	'2',	'GDEES12',	'Naresh-1',	'gdeessupermartrp@gmail.com',	'nareshrp',	'9599293724',	'180/1 neb sarai',	NULL,	NULL,	NULL,	NULL,	NULL,	NULL,	NULL,	NULL,	NULL,	'58',	'1635683129WhatsApp Image 2021-07-27 at 7.23.39 PM.jpeg',	1635681013,	'2022-12-24 08:16:07',	'1',	'1',	'en',	2,	NULL),
(23,	NULL,	'1635923001',	144,	59,	'2',	'GG001',	'Saurabh',	'saurav@greengrocerstore.com',	'1234567890',	'6009661598',	NULL,	NULL,	NULL,	NULL,	NULL,	NULL,	NULL,	NULL,	NULL,	NULL,	'59',	NULL,	1635923001,	'2023-02-26 07:37:50',	'1',	'1',	'en',	2,	NULL),
(24,	'3',	'1637576430',	145,	62,	'2',	NULL,	'Abhishek Chauhan',	'psr.abhishek@gmail.com',	'1234567890',	'9817658471',	NULL,	NULL,	NULL,	NULL,	NULL,	NULL,	NULL,	NULL,	NULL,	NULL,	'62',	NULL,	1637576430,	'2023-05-17 09:54:31',	'1',	'1',	'en',	2,	NULL),
(25,	'',	'1639990902',	147,	63,	'2',	'BMS01',	'Manjeet',	'budgetsupermarket@gmail.com',	'1234567890',	'8930059524',	'D-2, Chhattarpur Enclave, Opp YEs Bank',	NULL,	NULL,	NULL,	NULL,	NULL,	NULL,	NULL,	NULL,	NULL,	'',	NULL,	1639990902,	'2022-01-18 18:38:01',	'1',	'1',	'en',	1,	NULL),
(26,	'6,7,8',	'1640253441',	145,	64,	'2',	'DPS1',	'Parveen',	'dps350@rediffmail.com',	'PARVEEN@350',	'9540559711',	'G-1 Ground Floor Plot no -10 Vardhman Gee Dee Plaza Sector -12 Dwarka',	NULL,	NULL,	NULL,	NULL,	NULL,	NULL,	NULL,	NULL,	NULL,	'64',	NULL,	1640253441,	'2022-01-01 12:20:02',	'1',	'1',	'en',	2,	NULL),
(27,	'9,10,11',	'1640255456',	145,	65,	'2',	'PSM1',	'Kapil Kumar',	'psm350@rediffmail.com',	'kapil@350',	'9971563849',	'A-10 Lower Ground Floor Acharya Niketan Mayur Vihar Phase-1',	NULL,	NULL,	NULL,	NULL,	NULL,	NULL,	NULL,	NULL,	NULL,	'65',	NULL,	1640255456,	'2022-04-24 17:54:38',	'1',	'1',	'en',	1,	NULL),
(28,	'12,13,14,23',	'1640259397',	145,	66,	'2',	'PSG1',	'Chander Singh',	'psg350@rediffmail.com',	'mehta@350',	'9717341213',	'SCO-42 Sector-23 Gurugram',	NULL,	NULL,	NULL,	NULL,	NULL,	NULL,	NULL,	NULL,	NULL,	'66',	NULL,	1640259397,	'2022-08-03 11:45:31',	'1',	'1',	'en',	2,	NULL),
(29,	'15,16,17',	'1640261160',	145,	67,	'2',	'PSH1',	'Sunil Kumar',	'psh350@rediffmail.com',	'sunil@350',	'9711969084',	'Shop No-207L, Atlas Road Model Town Sonipat',	NULL,	NULL,	NULL,	NULL,	NULL,	NULL,	NULL,	NULL,	NULL,	'67',	NULL,	1640261160,	'2022-01-01 13:47:43',	'1',	'1',	'en',	2,	NULL),
(30,	'18,19,20,21,22',	'1640262452',	145,	68,	'2',	'GPS1',	'Pradeep',	'gps350@rediffmail.com',	'pradeep@350',	'9993729120',	'1',	'1',	'1',	'1',	'1',	NULL,	NULL,	NULL,	NULL,	NULL,	'68',	NULL,	1640262452,	'2022-02-24 18:37:00',	'1',	'1',	'en',	2,	NULL),
(31,	'',	'1646913894',	150,	70,	'2',	'KWC01',	'Aakash',	'hashimkhan9899@icloud.com',	'aW5478901@',	'9899522424',	NULL,	NULL,	NULL,	NULL,	NULL,	NULL,	NULL,	NULL,	NULL,	NULL,	'',	NULL,	1646913894,	'2022-04-01 08:40:06',	'1',	'1',	'en',	2,	NULL),
(32,	'',	'1647954435',	146,	60,	'2',	'KA01',	'Ritika',	'adrish.gk2@gmail.com',	'1234567890',	NULL,	NULL,	NULL,	NULL,	NULL,	NULL,	NULL,	NULL,	NULL,	NULL,	NULL,	'',	NULL,	1647954435,	'2022-07-08 11:16:34',	'1',	'1',	'en',	1,	NULL),
(33,	'',	'1648128996',	150,	70,	'2',	'KWC02',	'Kwik Grocer',	'kwikgrocer12@gmail.com',	'aW5478901',	'123456780',	NULL,	NULL,	NULL,	NULL,	NULL,	NULL,	NULL,	NULL,	NULL,	NULL,	'70',	NULL,	1648128996,	'2022-04-01 08:39:22',	'1',	'1',	'en',	2,	NULL),
(34,	'',	'1665661141',	146,	73,	'2',	'CRSD01',	'Ritu',	'crsd@gmail.com',	'1234567890',	'8178781833',	'E-34, Greater Kailash Part 2, New Delhi 110048',	NULL,	NULL,	NULL,	NULL,	NULL,	NULL,	NULL,	NULL,	NULL,	'73',	NULL,	1665661141,	'2022-10-13 11:39:01',	'1',	'1',	NULL,	2,	NULL),
(35,	'',	'1665667615',	158,	74,	'2',	'CRSDC1',	'Sanjay Banga',	'crsdbilling@gmail.com',	'1234567890',	NULL,	'E-34, Greater Kailash Part 2, New Delhi 110048',	NULL,	NULL,	NULL,	NULL,	NULL,	NULL,	NULL,	NULL,	NULL,	'74',	NULL,	1665667615,	'2022-10-28 08:13:39',	'1',	'1',	'en',	2,	NULL),
(36,	'',	'1666344844',	158,	74,	'2',	'CRSD12',	'Ritu',	'ritu@chainaram.com',	'1234567890',	'8448677437',	NULL,	NULL,	NULL,	NULL,	NULL,	NULL,	NULL,	NULL,	NULL,	NULL,	'74',	NULL,	1666344844,	'2022-10-27 21:48:05',	'1',	'1',	'en',	2,	NULL),
(37,	'',	'1666349154',	157,	71,	'2',	'ER1',	'NISHANT',	'chattarpur@ericasbakery.in',	'1234567890',	NULL,	NULL,	NULL,	NULL,	NULL,	NULL,	NULL,	NULL,	NULL,	NULL,	NULL,	'71',	NULL,	1666349154,	'2022-10-21 10:45:54',	'1',	'1',	NULL,	2,	NULL),
(38,	'',	'1666519134',	142,	58,	'2',	'Gdees 2',	'Khushboo Kumari',	'gdeessupermart1@gmail.com',	'1234567890',	'9870174796',	'B-125B, freedom fighter, neb sarai',	NULL,	NULL,	NULL,	NULL,	'166651913416665190959513419199639936895688.jpg',	NULL,	NULL,	NULL,	NULL,	'',	NULL,	1666519134,	'2022-10-24 03:44:08',	'1',	'1',	'en',	2,	NULL),
(39,	'',	'1666796811',	145,	75,	'2',	'LGPSC1',	'Birendra Singh',	'lgps350@rediffmail.com',	'lgps@350',	'9466601742',	'Old Delhi Road Sectore-14 Opposite Vishal Mega Mart Gurgaon-122001',	NULL,	NULL,	NULL,	NULL,	NULL,	NULL,	NULL,	NULL,	NULL,	'75',	NULL,	1666796811,	'2022-10-26 15:11:47',	'1',	'1',	NULL,	2,	NULL),
(40,	'',	'1666796918',	145,	76,	'2',	'RPSC1',	'Shashi',	'rps350@rediffmail.com',	'rps@350',	'9996305197',	'Delhi Road Mansarovar Park Rohtak -124001',	NULL,	NULL,	NULL,	NULL,	NULL,	NULL,	NULL,	NULL,	NULL,	'76',	NULL,	1666796918,	'2022-12-16 12:10:00',	'1',	'1',	'en',	2,	NULL),
(41,	'',	'1666797063',	145,	77,	'2',	'NPSC1',	'Kundan',	'nps350@rediffmail.com',	'nps@350',	'8510973897',	'Shop-No-Rz A7 Laxhmi Garden Uttam Nagar Road Nazafgarh -110043',	NULL,	NULL,	NULL,	NULL,	NULL,	NULL,	NULL,	NULL,	NULL,	'77',	NULL,	1666797063,	'2023-04-21 13:28:57',	'1',	'1',	'en',	2,	NULL),
(42,	'',	'1666797292',	145,	78,	'2',	'APSC1',	'Neeraj',	'aps350@rediffmail.com',	'aps@350',	'9319766347',	'Shop No-1191/434 Ambala Haryana-134003',	NULL,	NULL,	NULL,	NULL,	NULL,	NULL,	NULL,	NULL,	NULL,	'78',	NULL,	1666797292,	'2022-12-17 13:26:53',	'1',	'1',	'en',	2,	NULL),
(43,	'',	'1666797476',	145,	79,	'2',	'HSP',	'Abhishek',	'hsp350@rediffmail.com',	'hsp@350',	'9817658471',	'Shp No-112L Old Court Road Near Ghandi Chowk Rewari,Haryan-123401',	NULL,	NULL,	NULL,	NULL,	NULL,	NULL,	NULL,	NULL,	NULL,	'62',	NULL,	1666797476,	'2022-11-08 06:18:40',	'1',	'1',	'en',	2,	NULL),
(44,	'',	'1666797746',	145,	80,	'2',	'LPSRC1',	'Ramphal',	'lpsr350@rediffmail.com',	'lpsr@350',	'9582823036',	'Property No - 795 Old Bus Stand Road ,Near Chikara Chowk Jhajjar-124103',	NULL,	NULL,	NULL,	NULL,	NULL,	NULL,	NULL,	NULL,	NULL,	'80',	NULL,	1666797746,	'2022-12-19 08:50:49',	'1',	'1',	'en',	2,	NULL),
(45,	'',	'1666797866',	145,	81,	'2',	'BPSC1',	'Rajender',	'bps350@rediffmail.com',	'bps@350',	'9560781354',	'Baba Nagar Meham Gate, Near Chugh Hospital Bhiwani Haryana -127021',	NULL,	NULL,	NULL,	NULL,	NULL,	NULL,	NULL,	NULL,	NULL,	'81',	NULL,	1666797866,	'2023-01-28 11:40:50',	'1',	'1',	'en',	2,	NULL),
(46,	'',	'1666797998',	145,	82,	'2',	'JPSC1',	'Devendra Bisht',	'jps350@rediffmail.com',	'jps@350',	'9650740075',	'Gl-19 Old No -Wz 307 , G-Block Hari Nagar Delhi -110064',	NULL,	NULL,	NULL,	NULL,	NULL,	NULL,	NULL,	NULL,	NULL,	'82',	NULL,	1666797998,	'2022-12-16 05:44:16',	'1',	'1',	'en',	2,	NULL),
(47,	'',	'1666798117',	145,	83,	'2',	'PSNC1',	'Rahul Mishra',	'psn350@rediffmail.com',	'psn@350',	'9999965775',	'A/2-A, A/2-B Laxmi Garden Najafgarh Delhi - 110043',	NULL,	NULL,	NULL,	NULL,	NULL,	NULL,	NULL,	NULL,	NULL,	'83',	NULL,	1666798117,	'2022-12-16 05:54:53',	'1',	'1',	'en',	2,	NULL),
(48,	'',	'1666798222',	145,	84,	'2',	'PSS',	'Ram Murat Yadav',	'pss350@rediffmail.com',	'pss@350',	'8800676826',	'Shop No-2 Old Delhi Road Sectore-14 Opposite Vishal Mega Mart Gurgaon-122001',	NULL,	NULL,	NULL,	NULL,	NULL,	NULL,	NULL,	NULL,	NULL,	'84',	NULL,	1666798222,	'2022-12-16 12:18:49',	'1',	'1',	'en',	2,	NULL),
(49,	'',	'1666798410',	145,	85,	'2',	'SPSC1',	'Arvind Singh',	'sps350@rediffmail.com',	'sps@350',	'8826182343',	'Srs/B02/713 Old House Tax 2/555 Hisariya Bazaar Sirsa Haryana - 125055',	NULL,	NULL,	NULL,	NULL,	NULL,	NULL,	NULL,	NULL,	NULL,	'85',	NULL,	1666798410,	'2022-12-16 06:23:09',	'1',	'1',	'en',	2,	NULL),
(50,	'',	'1669880508',	145,	88,	'2',	'LPSG1',	'Chander Singh Mehta',	'lpsg350@rediffmail.com',	'lpsg@12345',	'9717341213',	'Huda Sec 23, Gurugram',	NULL,	NULL,	NULL,	NULL,	NULL,	NULL,	NULL,	NULL,	NULL,	'88',	NULL,	1669880508,	'2023-01-19 06:25:27',	'1',	'1',	'en',	2,	NULL),
(51,	'',	'1669881637',	145,	89,	'2',	'ldps',	'Praveen Singh',	'ldps350@rediffmail.com',	'ldps@350',	'9540559711',	'GROUND FLOOR,PLOT.NO-10, VARDHMAAN GEE DEE PLAZA, near AGRWAL MARKET, Sector 12 Dwarka, Dwarka, Delh',	NULL,	NULL,	NULL,	NULL,	NULL,	NULL,	NULL,	NULL,	NULL,	'89',	NULL,	1669881637,	'2022-12-06 12:02:26',	'1',	'1',	'en',	2,	NULL),
(52,	'',	'1669883604',	145,	90,	'2',	'lpsm',	'KAPIL KUMAR',	'lpsm350@rediffmail.com',	'lpsm@350',	'9971563849',	'shop - A-10, Block C, Acharya Niketan, Mayur Vihar, Delhi, 110091',	NULL,	NULL,	NULL,	NULL,	NULL,	NULL,	NULL,	NULL,	NULL,	'90',	NULL,	1669883604,	'2022-12-06 08:31:18',	'1',	'1',	'en',	2,	NULL),
(53,	'',	'1669884153',	145,	91,	'2',	'LPSH',	'SUNIL KUMAR',	'lpsh350@rediffmail.com',	'lpsh@350',	'9711969084',	'SHOP NO, 207 L, Atlas Rd,  Model Town, Sonipat, Haryana 131001',	NULL,	NULL,	NULL,	NULL,	NULL,	NULL,	NULL,	NULL,	NULL,	'67',	NULL,	1669884153,	'2022-12-06 13:09:20',	'1',	'1',	'en',	2,	NULL),
(54,	'',	'1671780106',	145,	93,	'2',	'SFZ1',	'Shailendra',	'stepszirakpur@rediffmail.com',	'Steps@350',	'9999211109',	'Shop No 2, LGF, SS Emporium Plaza, NH-21 Singhpur Chowk, Zirakpur',	NULL,	NULL,	NULL,	NULL,	NULL,	NULL,	NULL,	NULL,	NULL,	'93',	NULL,	1671780106,	'2023-01-28 06:27:47',	'1',	'0',	NULL,	2,	NULL),
(55,	'',	'1673095138',	163,	95,	'2',	'SCN1',	'Amit',	'amit@starcafe.live',	'1234567890',	'9650861174',	NULL,	NULL,	NULL,	NULL,	NULL,	NULL,	NULL,	NULL,	NULL,	NULL,	'95',	NULL,	1673095138,	'2023-01-12 09:57:08',	'1',	'1',	'en',	2,	NULL),
(59,	'',	'1673517252',	48,	37,	'4',	'8789033735',	'Deepak Mishra',	'm.deepak1824@gmail.com',	'Deepak@1234',	'8789033735',	'Street no 21 house no 15',	'348565359683',	'FPEPM7784D',	'Deepak8789033735',	'1234567890',	'1673517252Screenshot_20230103_152906.png',	'1673517252Screenshot_20230103_152906.png',	'1673517252Screenshot_20230103_152906.png',	'1673517252Screenshot_20230103_152906.png',	'1673517252Screenshot_20230103_152906.png',	'37',	NULL,	1673517252,	'2023-01-12 10:29:22',	'1',	'1',	'en',	2,	NULL),
(60,	'2',	'1673946895',	48,	37,	'4',	'0058',	'Deepak',	'advancedfreshpoint@gmail.com',	'freshpoint',	'8860885065',	'Street no 21 house no 15 rajveev nagar',	'348565359683',	'FPEPM7784D',	'1234567890',	NULL,	NULL,	NULL,	NULL,	NULL,	NULL,	'37',	NULL,	1673946895,	'2023-01-17 10:00:09',	'1',	'1',	'en',	2,	NULL),
(61,	'2',	'1673953471',	48,	37,	'4',	'EMP-058',	'Prakash',	'm.deepak1827@gmail.com',	'Deepak@1234',	'8789033735',	'Street no 21 house no 15',	'348565359683',	'FPEPM7784D',	'987654321012',	'PYTM12345',	NULL,	NULL,	NULL,	NULL,	NULL,	'37',	NULL,	1673953471,	'2023-01-17 11:04:31',	'1',	'1',	NULL,	2,	NULL),
(62,	'29,30,31',	'1673954517',	165,	97,	'2',	'OPB1',	'Raju',	'billing@neverowned.in',	'1234567890',	'9810101010',	'A-33 Chandan Hola',	NULL,	NULL,	NULL,	NULL,	NULL,	NULL,	NULL,	NULL,	NULL,	'97',	NULL,	1673954517,	'2023-03-16 13:06:44',	'1',	'1',	'en',	1,	NULL),
(63,	'',	'1674631964',	145,	98,	'2',	'PSZ1',	'Chotu Prasad',	'psz350@rediffmail.com',	'Sales@350',	'9793912341',	'Shop No.-2, Lower Ground Floor. NH-21 Singhpur Chowk, SS Emporio Plaza, Zirakpur-140103, Punjab',	NULL,	NULL,	NULL,	NULL,	NULL,	NULL,	NULL,	NULL,	NULL,	'98',	NULL,	1674631964,	'2023-02-04 15:04:34',	'1',	'1',	'en',	2,	NULL),
(64,	'',	'1674632122',	145,	99,	'2',	'HHK1',	'Harish Ram',	'hhk350@rediffmail.com',	'Sales@350',	'8750569303',	'Shop No.-28, Block A, NH-10, Delhi Road, Qutubpur, Hansi - 125001, Hisar',	NULL,	NULL,	NULL,	NULL,	NULL,	NULL,	NULL,	NULL,	NULL,	'99',	NULL,	1674632122,	'2023-02-04 09:24:33',	'1',	'1',	'en',	2,	NULL),
(65,	'',	'1674891809',	145,	88,	'4',	'PS039',	'Chander Singh Mehta',	'psgstore@gmail.com',	'psg350',	'9717341213',	'SCO-42 Sector-23 Gurgaon Haryana',	NULL,	NULL,	NULL,	NULL,	NULL,	NULL,	NULL,	NULL,	NULL,	'66',	NULL,	1674891809,	'2023-01-28 11:11:03',	'1',	'1',	'en',	2,	NULL),
(66,	'',	'1676282879',	166,	100,	'2',	'KK0001',	'Varun Kumar',	'varun@knickknack.online',	'1234567890',	'9999756468',	NULL,	NULL,	NULL,	NULL,	NULL,	NULL,	NULL,	NULL,	NULL,	NULL,	'100',	NULL,	1676282879,	'2023-02-18 10:43:57',	'1',	'1',	'en',	2,	NULL),
(67,	'',	'1678117162',	162,	94,	'3',	'MBE02',	'Mohd Gulab',	'MDGULAB1990.MG@GMAIL.COM',	'0123456789',	'9971805979',	'8767/14B, Siddipura Karol Bagh Delhi -110005',	'201072311846',	'BCYPG7198E',	'3430943331',	'CBIN0284131',	'1680246617Gulab.jpeg',	'1680246617Screenshot_2023-03-31-12-34-17-37_c37d74246d9c81aa0bb824b57eaf7062.jpg',	'1680246617Screenshot_2023-03-31-12-34-17-37_c37d74246d9c81aa0bb824b57eaf7062.jpg',	'1680246617IMG_20230331_123834.jpg',	NULL,	'94',	NULL,	1678117162,	'2023-03-31 07:10:17',	'1',	'1',	'en',	2,	NULL),
(69,	'',	'1678545615',	162,	94,	'3',	'12345678',	'MANISH KUMAR',	'kumarmanishkumar04@gmail.com',	NULL,	'9911823066',	'kashmere gate',	NULL,	NULL,	NULL,	NULL,	NULL,	NULL,	NULL,	NULL,	NULL,	'',	NULL,	1678545615,	'2023-03-31 06:41:52',	'1',	'0',	NULL,	2,	NULL),
(70,	'',	'1678545620',	162,	94,	'3',	'12345678',	'MANISH KUMAR',	'kumarmanishkumar04@gmail.com',	NULL,	'9911823066',	'kashmere gate',	NULL,	NULL,	NULL,	NULL,	NULL,	NULL,	NULL,	NULL,	NULL,	'',	NULL,	1678545620,	'2023-03-31 06:41:55',	'1',	'0',	NULL,	2,	NULL),
(71,	'',	'1678545626',	162,	94,	'3',	'12345678',	'MANISH KUMAR',	'kumarmanishkumar04@gmail.com',	NULL,	'9911823066',	'kashmere gate',	NULL,	NULL,	NULL,	NULL,	NULL,	NULL,	NULL,	NULL,	NULL,	'',	NULL,	1678545626,	'2023-03-31 06:41:58',	'1',	'0',	NULL,	2,	NULL),
(72,	'',	'1679137434',	166,	101,	'2',	'KKC2',	'Kisan',	'warehousebilling@gmail.com',	'1234567890',	'9891679516',	NULL,	NULL,	NULL,	NULL,	NULL,	NULL,	NULL,	NULL,	NULL,	NULL,	'101',	NULL,	1679137434,	'2023-03-18 11:03:54',	'1',	'1',	NULL,	2,	NULL),
(73,	'',	'1680245024',	162,	94,	'1',	'MBE01',	'Manish Kumar',	'kumarmanishkumar04@gmail.com',	'0123456789',	'9911823066',	'1355 ,Nicholson Road Kashmere Gate Delhi 110006',	'427026983126',	'DLRPK1965H',	'39143825919',	'SBIN0004906',	'1680246042manish.jpeg',	'1680246042WhatsApp Image 2023-03-31 at 12.25.36 PM.jpeg',	'1680246042WhatsApp Image 2023-03-31 at 12.25.36 PM.jpeg',	'1680246042WhatsApp Image 2023-03-31 at 12.28.58 PM.jpeg',	NULL,	'94',	NULL,	1680245024,	'2023-04-01 13:34:59',	'1',	'1',	'en',	2,	NULL),
(74,	'',	'1680247073',	162,	94,	'3',	'MBE03',	'Md Nasir',	'md6207733@gmail.com',	NULL,	'6207733088',	'6300/6, Rais Market Quresh Nagar, Sadar Bazar Delhi 110006',	'729685253057',	'BFCPN5407C',	'31800110010532',	'UCBA0003180',	'1680247073Nasir.jpeg',	'1680247073WhatsApp Image 2023-03-31 at 12.44.40 PM (1).jpeg',	'1680247073WhatsApp Image 2023-03-31 at 12.44.40 PM (1).jpeg',	'1680247073WhatsApp Image 2023-03-31 at 12.43.45 PM.jpeg',	NULL,	'',	NULL,	1680247073,	'2023-03-31 07:17:53',	'1',	'1',	NULL,	2,	NULL),
(75,	'',	'1680247098',	162,	94,	'3',	'MBE03',	'Md Nasir',	'md6207733@gmail.com',	NULL,	'6207733088',	'6300/6, Rais Market Quresh Nagar, Sadar Bazar Delhi 110006',	'729685253057',	'BFCPN5407C',	'31800110010532',	'UCBA0003180',	'1680247098Nasir.jpeg',	'1680247098WhatsApp Image 2023-03-31 at 12.44.40 PM (1).jpeg',	'1680247098WhatsApp Image 2023-03-31 at 12.44.40 PM (1).jpeg',	'1680247098WhatsApp Image 2023-03-31 at 12.43.45 PM.jpeg',	NULL,	'',	NULL,	1680247098,	'2023-03-31 07:24:57',	'1',	'0',	NULL,	2,	NULL),
(76,	'',	'1680247123',	162,	94,	'3',	'MBE03',	'Md Nasir',	'md6207733@gmail.com',	NULL,	'6207733088',	'6300/6, Rais Market Quresh Nagar, Sadar Bazar Delhi 110006',	'729685253057',	'BFCPN5407C',	'31800110010532',	'UCBA0003180',	'1680247123Nasir.jpeg',	'1680247123WhatsApp Image 2023-03-31 at 12.44.40 PM (1).jpeg',	'1680247123WhatsApp Image 2023-03-31 at 12.44.40 PM (1).jpeg',	'1680247123WhatsApp Image 2023-03-31 at 12.43.45 PM.jpeg',	NULL,	'',	NULL,	1680247123,	'2023-03-31 07:24:52',	'1',	'0',	NULL,	2,	NULL),
(77,	'',	'1680247163',	162,	94,	'3',	'MBE03',	'Md Nasir',	'md6207733@gmail.com',	NULL,	'6207733088',	'6300/6, Rais Market Quresh Nagar, Sadar Bazar Delhi 110006',	'729685253057',	'BFCPN5407C',	'31800110010532',	'UCBA0003180',	'1680247163Nasir.jpeg',	'1680247163WhatsApp Image 2023-03-31 at 12.44.40 PM (1).jpeg',	'1680247163WhatsApp Image 2023-03-31 at 12.44.40 PM (1).jpeg',	'1680247163WhatsApp Image 2023-03-31 at 12.43.45 PM.jpeg',	NULL,	'',	NULL,	1680247163,	'2023-03-31 07:24:49',	'1',	'0',	NULL,	2,	NULL),
(78,	'',	'1680247172',	162,	94,	'3',	'MBE03',	'Md Nasir',	'md6207733@gmail.com',	NULL,	'6207733088',	'6300/6, Rais Market Quresh Nagar, Sadar Bazar Delhi 110006',	'729685253057',	'BFCPN5407C',	'31800110010532',	'UCBA0003180',	'1680247172Nasir.jpeg',	'1680247172WhatsApp Image 2023-03-31 at 12.44.40 PM (1).jpeg',	'1680247172WhatsApp Image 2023-03-31 at 12.44.40 PM (1).jpeg',	'1680247172WhatsApp Image 2023-03-31 at 12.43.45 PM.jpeg',	NULL,	'94',	NULL,	1680247172,	'2023-03-31 07:24:44',	'1',	'0',	NULL,	2,	NULL),
(79,	'',	'1680247222',	162,	94,	'3',	'MBE03',	'Md Nasir',	'md6207733@gmail.com',	NULL,	'6207733088',	'6300/6, Rais Market Quresh Nagar, Sadar Bazar Delhi 110006',	'729685253057',	'BFCPN5407C',	'31800110010532',	'UCBA0003180',	'1680247222Nasir.jpeg',	'1680247222WhatsApp Image 2023-03-31 at 12.44.40 PM (1).jpeg',	'1680247222WhatsApp Image 2023-03-31 at 12.44.40 PM (1).jpeg',	'1680247222WhatsApp Image 2023-03-31 at 12.43.45 PM.jpeg',	NULL,	'94',	NULL,	1680247222,	'2023-03-31 07:24:41',	'1',	'0',	NULL,	2,	NULL),
(80,	'',	'1680247261',	162,	94,	'3',	'MBE03',	'Md Nasir',	'md6207733@gmail.com',	NULL,	'6207733088',	'6300/6, Rais Market Quresh Nagar, Sadar Bazar Delhi 110006',	'729685253057',	'BFCPN5407C',	'31800110010532',	'UCBA0003180',	'1680247261Nasir.jpeg',	'1680247261WhatsApp Image 2023-03-31 at 12.44.40 PM (1).jpeg',	'1680247261WhatsApp Image 2023-03-31 at 12.44.40 PM (1).jpeg',	'1680247261WhatsApp Image 2023-03-31 at 12.43.45 PM.jpeg',	NULL,	'94',	NULL,	1680247261,	'2023-03-31 07:24:37',	'1',	'0',	NULL,	2,	NULL),
(81,	'',	'1680247762',	162,	94,	'3',	'MBE04',	'Md Parvez Ahmad',	'parvezsir7@gmail.com',	NULL,	'8877955567',	'790, Chandan Hulla, South Delhi-110074',	'642956825193',	'AUWPA3371Q',	'20082509400',	'SBIN0000127',	'1680247762Parvej.jpeg',	'1680247762WhatsApp Image 2023-03-31 at 12.33.11 PM.jpeg',	'1680247762WhatsApp Image 2023-03-31 at 12.33.11 PM.jpeg',	'1680247762WhatsApp Image 2023-03-31 at 12.30.58 PM.jpeg',	NULL,	'94',	NULL,	1680247762,	'2023-03-31 07:29:22',	'1',	'1',	NULL,	2,	NULL),
(82,	'',	'1680248027',	162,	94,	'3',	'MBE05',	'Mohmmad Shareef',	'shareefh216@gmail.com',	NULL,	'8368203439',	'6300/6, Rais Market Quresh Nagar, Sadar Bazar Delhi 110006',	'949765203421',	NULL,	NULL,	NULL,	'1680248027Shareef.jpeg',	'1680248027WhatsApp Image 2023-03-31 at 12.50.26 PM.jpeg',	'1680248027WhatsApp Image 2023-03-31 at 12.50.26 PM.jpeg',	NULL,	NULL,	'94',	NULL,	1680248027,	'2023-03-31 07:33:47',	'1',	'1',	NULL,	2,	NULL),
(83,	'',	'1680356784',	162,	94,	'4',	'SM1',	'Manish Kumar',	'storemanager@montbold.in',	'1234567890',	NULL,	NULL,	NULL,	NULL,	NULL,	NULL,	NULL,	NULL,	NULL,	NULL,	NULL,	'94',	NULL,	1680356784,	'2023-04-01 13:53:34',	'1',	'1',	'en',	2,	NULL),
(84,	'',	'1680775429',	162,	94,	'2',	'SM2',	'MANISH KUMAR',	'billing1@montbold.in',	'1234567890',	'9911823066',	'8767/14b siddipura karolbagh',	NULL,	NULL,	NULL,	NULL,	NULL,	NULL,	NULL,	NULL,	NULL,	'',	NULL,	1680775429,	'2023-05-01 13:22:44',	'1',	'1',	'en',	1,	NULL),
(85,	'',	'1681038929',	166,	100,	'2',	'KK03',	'Vicky',	'vicky@knickknack.online',	'1234567890',	'9999059397',	'Shop no 42',	NULL,	NULL,	NULL,	NULL,	NULL,	NULL,	NULL,	NULL,	NULL,	'100',	NULL,	1681038929,	'2023-05-20 08:52:59',	'1',	'1',	NULL,	2,	NULL),
(86,	'',	'1681451548',	145,	103,	'2',	'NWH1',	'Kundan',	'nwh350@rediffmail.com',	'nwh@350',	'8510973897',	NULL,	NULL,	NULL,	NULL,	NULL,	NULL,	NULL,	NULL,	NULL,	NULL,	'103',	NULL,	1681451548,	'2023-04-16 08:43:51',	'1',	'1',	'en',	2,	NULL),
(87,	'',	'1683119695',	169,	105,	'2',	'HZ12',	'Avinash',	'hz1@gmail.com',	'1234567890',	'7352290266',	NULL,	NULL,	NULL,	NULL,	NULL,	NULL,	NULL,	NULL,	NULL,	NULL,	'105',	NULL,	1683119695,	'2023-05-03 13:14:55',	'1',	'1',	NULL,	2,	NULL),
(88,	'',	'1683203304',	170,	106,	'2',	'OS12',	'Aankunsh Singh',	'os12billing@gmail.com',	'1234567890',	'7428010972',	NULL,	NULL,	NULL,	NULL,	NULL,	NULL,	NULL,	NULL,	NULL,	NULL,	'106',	NULL,	1683203304,	'2023-05-04 12:28:24',	'1',	'1',	NULL,	2,	NULL),
(89,	'',	'1683983643',	145,	77,	'4',	'PSR1',	'Avinash Jha',	'avinash@aspl.tech',	'1234567890',	'9650861174',	NULL,	NULL,	NULL,	NULL,	NULL,	NULL,	NULL,	NULL,	NULL,	NULL,	'103',	NULL,	1683983643,	'2023-05-13 13:14:03',	'1',	'1',	NULL,	2,	NULL);

DROP TABLE IF EXISTS `store`;
CREATE TABLE `store` (
  `id` int(15) NOT NULL AUTO_INCREMENT,
  `company_id` int(11) DEFAULT NULL,
  `store_name` varchar(255) DEFAULT NULL,
  `store_url` varchar(255) DEFAULT NULL,
  `country_id` int(11) DEFAULT NULL,
  `state_id` int(11) DEFAULT NULL,
  `city_id` varchar(55) DEFAULT NULL,
  `pincode` text,
  `address` varchar(100) DEFAULT NULL,
  `lat` varchar(100) DEFAULT NULL,
  `lon` varchar(100) DEFAULT NULL,
  `email` varchar(100) DEFAULT NULL,
  `password` varchar(255) NOT NULL DEFAULT '1234567890',
  `contact` varchar(255) DEFAULT NULL,
  `code` varchar(250) DEFAULT NULL,
  `manager` varchar(250) NOT NULL,
  `photo` varchar(100) DEFAULT NULL,
  `is_verified` tinyint(2) NOT NULL DEFAULT '2' COMMENT '1=>verified,2=>Not Verified',
  `ratting` varchar(55) NOT NULL DEFAULT '0',
  `coupon_code` varchar(55) DEFAULT NULL,
  `create_at` int(11) NOT NULL,
  `update_at` timestamp NOT NULL DEFAULT CURRENT_TIMESTAMP ON UPDATE CURRENT_TIMESTAMP,
  `status` enum('0','1') NOT NULL DEFAULT '1' COMMENT '1=enable;2=disable',
  `is_delete` enum('1','0') NOT NULL DEFAULT '1' COMMENT '1=not_delete;0=delete',
  `language` varchar(10) DEFAULT NULL,
  `gst_no` varchar(200) DEFAULT NULL,
  `is_discount` enum('0','1') NOT NULL DEFAULT '1' COMMENT '1=>enable, 2=>disable',
  `is_point` enum('1','0') NOT NULL DEFAULT '1' COMMENT '1=>enable, 0=>disable',
  `is_mrp` enum('0','1') NOT NULL DEFAULT '1',
  `is_selling_price` enum('0','1') NOT NULL DEFAULT '1',
  `gst_no_code` varchar(255) DEFAULT '07',
  `business_state_id` int(11) DEFAULT '11',
  `state_code` varchar(255) DEFAULT 'DL',
  `is_business_mrp` enum('0','1') NOT NULL,
  `is_business_selling_price` enum('0','1') NOT NULL,
  `is_business_backdate` enum('0','1') NOT NULL,
  `is_business_discount` enum('0','1') NOT NULL,
  `is_business_point` enum('1','0') NOT NULL,
  `business_gst_no_code` varchar(255) DEFAULT NULL,
  `business_state_code` varchar(255) DEFAULT NULL,
  `s_l_o_t_c` double(14,2) DEFAULT NULL,
  `t_a_c` double(14,2) DEFAULT NULL,
  `is_pan_delivery` tinyint(4) NOT NULL DEFAULT '0',
  `google_analytics_view_id` varchar(255) DEFAULT NULL,
  PRIMARY KEY (`id`)
) ENGINE=InnoDB DEFAULT CHARSET=latin1;

INSERT INTO `store` (`id`, `company_id`, `store_name`, `store_url`, `country_id`, `state_id`, `city_id`, `pincode`, `address`, `lat`, `lon`, `email`, `password`, `contact`, `code`, `manager`, `photo`, `is_verified`, `ratting`, `coupon_code`, `create_at`, `update_at`, `status`, `is_delete`, `language`, `gst_no`, `is_discount`, `is_point`, `is_mrp`, `is_selling_price`, `gst_no_code`, `business_state_id`, `state_code`, `is_business_mrp`, `is_business_selling_price`, `is_business_backdate`, `is_business_discount`, `is_business_point`, `business_gst_no_code`, `business_state_code`, `s_l_o_t_c`, `t_a_c`, `is_pan_delivery`, `google_analytics_view_id`) VALUES
(25,	3,	'Jindal Store',	'jindal1',	100,	737,	'SOUTH DELHI',	'110044',	'135, Badarpur Mod, New Delhi',	'28.513903',	'77.304679',	'sharad12oc@rewardsplus.in',	'1234567890',	'8709881872',	'J001',	'Sarai',	NULL,	2,	'0',	NULL,	1587039811,	'2020-06-18 07:21:25',	'1',	'1',	NULL,	NULL,	'1',	'1',	'1',	'1',	'07',	11,	'DL',	'0',	'0',	'0',	'0',	'1',	NULL,	NULL,	NULL,	NULL,	0,	NULL),
(26,	5,	'Vipin Vegetables',	'vegetables',	100,	737,	'SOUTH DELHI',	'110016',	'Well No.2, Katwaria Sarai',	'28.541682',	'77.186574',	'vipinveg@aspl.tech',	'1234567890',	'9560783603',	'001',	'Vipin Yadav',	'1587750246.png',	2,	'0',	NULL,	1587750246,	'2020-06-18 07:21:56',	'1',	'1',	NULL,	NULL,	'1',	'1',	'1',	'1',	'07',	11,	'DL',	'0',	'0',	'0',	'0',	'1',	NULL,	NULL,	NULL,	NULL,	0,	NULL),
(27,	3,	'shabziwalababa',	'shabziwalababa',	100,	737,	'NORTH DELHI',	'110085',	'f 97',	'28.490621',	'77.175007',	'asd@gmail.com',	'1234567890',	'9876543210',	'As01',	'Manu',	NULL,	2,	'0',	NULL,	1588087742,	'2020-06-18 07:22:45',	'1',	'1',	NULL,	NULL,	'1',	'1',	'1',	'1',	'07',	11,	'DL',	'0',	'0',	'0',	'0',	'1',	NULL,	NULL,	NULL,	NULL,	0,	NULL),
(28,	16,	'Krish supermart',	'krishsupermart',	100,	737,	'SOUTH DELHI',	'110016,110017',	'A 132, Katwaria Sarai',	'28.542488',	'77.183986',	'krishsupermart@aspl.tech',	'1234567890',	'9667381231',	'001',	'Sahil',	'1588519197.png',	2,	'0',	NULL,	1588519197,	'2021-06-24 16:06:14',	'0',	'1',	NULL,	NULL,	'1',	'1',	'1',	'1',	'07',	11,	'DL',	'0',	'0',	'0',	'0',	'1',	NULL,	NULL,	NULL,	NULL,	0,	NULL),
(29,	17,	'Pawan Store',	'pawanstore',	100,	737,	'NORTH WEST DELHI',	'110089',	'G2/122 Sector 16, Rohini',	'28.735811',	'77.118170',	'pawanstore@gmail.com',	'1234567890',	'7678242187',	'001',	'Pawan Gupta',	'1589114006.jpg',	2,	'0',	NULL,	1589114006,	'2020-06-18 07:23:12',	'1',	'1',	NULL,	NULL,	'1',	'1',	'1',	'1',	'07',	11,	'DL',	'0',	'0',	'0',	'0',	'1',	NULL,	NULL,	NULL,	NULL,	0,	NULL),
(30,	20,	'Safal',	'safal',	100,	737,	'SOUTH DELHI',	'110016',	'F 116, LGF, Vikas Complex, Katwaria Sarai',	'28.541400',	'77.186060',	'balwans1971@gmail.com',	'1234567890',	'9013647110',	'0001',	'Balwan Singh',	NULL,	2,	'0',	NULL,	1589967399,	'2020-06-18 07:22:08',	'1',	'1',	NULL,	NULL,	'1',	'1',	'1',	'1',	'07',	11,	'DL',	'0',	'0',	'0',	'0',	'1',	NULL,	NULL,	NULL,	NULL,	0,	NULL),
(31,	32,	'In & Out',	'rajdhani',	100,	734,	'PATNA',	'800001,800002,800003,800004,800005,800006,800007,800008,800009,800010,800011,800012,800013,800014,800015,800016,800017,800018,800019,800020,800021,800022,800023,800024,800025,800026,800027,800028,800030,801102,801103,801104,801105,801106,801108,801109,801110,801111,801112,801113,801503,801505,801506,801507,803201,803202,803203,803211,803212,803213,803214,803221,803301,803302,803303,803306,803307,804451,804452,804453,804454,811104,811302,821115',	'Gola Rad, Baily Road, Patna',	'25.612187',	'85.057129',	'vikash_rai80@yahoo.co.in',	'1234567890',	'9931040015',	'0001',	'Deepak',	'1591598651.png',	2,	'0',	NULL,	1591597392,	'2020-06-23 11:06:16',	'1',	'1',	NULL,	NULL,	'1',	'1',	'1',	'1',	'07',	11,	'DL',	'0',	'0',	'0',	'0',	'1',	NULL,	NULL,	NULL,	NULL,	0,	NULL),
(33,	36,	'Annapurna Kalakriti',	'kalakriti',	100,	734,	'DARBHANGA',	'846001,846002,847422',	'NH 57, Sakhwar Darbhanga',	'26.2140',	'86.1841',	'jhaannpurna1981@gmail.com',	'1234567890',	'8210090238',	'001',	'Mrs. Annapurna',	NULL,	2,	'0',	NULL,	1595503731,	'2020-07-23 11:28:53',	'1',	'1',	NULL,	NULL,	'1',	'1',	'1',	'1',	'07',	11,	'DL',	'0',	'0',	'0',	'0',	'1',	NULL,	NULL,	NULL,	NULL,	0,	NULL),
(34,	39,	'Apni Dukkaan',	'Apnidukan',	100,	745,	'Nagpur',	'441401',	'Tarsa Road Square,Kanhan',	'21.231721',	'79.437784',	'apnidukan4441@gmail.com',	'1234567890',	'8856094441',	'4441',	'Shubham kadbe',	NULL,	2,	'0',	NULL,	1597219827,	'2020-08-21 12:04:13',	'1',	'1',	NULL,	NULL,	'1',	'1',	'1',	'1',	'07',	11,	'DL',	'0',	'0',	'0',	'0',	'1',	NULL,	NULL,	NULL,	NULL,	0,	NULL),
(35,	42,	'Think N Eat',	'www.thinkneat.in',	100,	753,	'Chennai',	'600110',	'5, Samiyar Garden St',	'Ponnaiammandu',	'Chennai',	'vlgroups2020@gmail.com',	'1234567890',	'7397392792',	'600110',	'K VENKATESAN',	NULL,	2,	'0',	NULL,	1601313559,	'2020-09-28 17:19:19',	'1',	'1',	NULL,	NULL,	'1',	'1',	'1',	'1',	'07',	11,	'DL',	'0',	'0',	'0',	'0',	'1',	NULL,	NULL,	NULL,	NULL,	0,	NULL),
(36,	43,	'Krish Enterprises',	'krish',	100,	737,	'SOUTH WEST DELHI',	'110016',	'351, Ground Floor, Katwaria Sarai, Gate No. 2',	'28.542132',	'77.183750',	'krishsupermart627462@gmail.com',	'1234567890',	'8376800004',	'KS001',	'Sahil',	NULL,	2,	'0',	NULL,	1601472886,	'2020-09-30 13:34:46',	'1',	'1',	NULL,	NULL,	'1',	'1',	'1',	'1',	'07',	11,	'DL',	'0',	'0',	'0',	'0',	'1',	NULL,	NULL,	NULL,	NULL,	0,	NULL),
(37,	48,	'Knick Knack',	'freshpoint',	100,	737,	'SOUTH WEST DELHI',	'110016',	'F-108A Katwaria Sarai New Delhi, Delhi 110016',	'28.541347',	'77.186840',	'advancedfreshpoint@gmail.com',	'1234567890',	'9711585226',	'AFP001',	'Dhiraj Singh',	'1604902121logo.png',	1,	'1',	'ABCD123',	1602147304,	'2023-05-12 12:17:31',	'1',	'1',	'en',	'1234567890',	'1',	'1',	'1',	'1',	'07',	11,	'DL',	'1',	'0',	'1',	'1',	'1',	'07',	'DL',	500.00,	2000.00,	1,	NULL),
(38,	60,	'Saver Bazar',	'saverbazar',	100,	737,	'SOUTH DELHI',	'110019',	'185,Subash khand, Giri Nagar, Kalkaji, New Delhi, Pin-110019. Near Hanuman Mandir.',	'00',	'00',	'talwar687@gmail.com',	'1234567890',	'9999697266',	'00',	'Mr. Shiva Maggu',	'1608120892IMG-20201216-WA0012.jpg',	2,	'0',	NULL,	1608120892,	'2022-01-09 08:52:30',	'1',	'1',	NULL,	NULL,	'1',	'1',	'1',	'1',	'07',	11,	'DL',	'0',	'0',	'0',	'0',	'1',	NULL,	NULL,	NULL,	NULL,	0,	NULL),
(39,	110,	'SR Mart',	'srmart',	100,	737,	'SOUTH DELHI',	'110074',	'335 Ground Floor, D-23, 100 Feet Road',	'28.505386',	'77.185139',	'srmart9999@gmail.com',	'1234567890',	'9821782664',	'001',	'Ravi Kumar',	NULL,	2,	'0',	NULL,	1609340620,	'2020-12-30 15:03:40',	'1',	'1',	NULL,	NULL,	'1',	'1',	'1',	'1',	'07',	11,	'DL',	'0',	'0',	'0',	'0',	'1',	NULL,	NULL,	NULL,	NULL,	0,	NULL),
(40,	113,	'1One2',	'1one2',	100,	737,	'SOUTH DELHI',	'110019,110020',	'Delhi',	'28.5217',	'77.2872',	'1one2@gmail.com',	'1234567890',	'9810399974',	'001',	'Shavan',	NULL,	2,	'0',	NULL,	1610429511,	'2021-06-08 04:43:25',	'0',	'1',	NULL,	NULL,	'1',	'1',	'1',	'1',	'07',	11,	'DL',	'0',	'0',	'0',	'0',	'1',	NULL,	NULL,	NULL,	NULL,	0,	NULL),
(41,	114,	'MRPC',	'mrpc',	100,	737,	'SOUTH DELHI',	'110016,110017,110019,110020,110022,110023,110024,110025,110029,110034,110048,110049,110052,110065,110067,110070,110074,110076',	'1669/1 Govindpuri Extension Kalkaji New Delhi 110019',	'28.5350',	'77.2583',	'atulsinghal416@icloud.com',	'1234567890',	'9654511474',	'MRPC01',	'Atul Singhal',	'1623127643mrpc512.png',	2,	'0',	NULL,	1610452156,	'2022-05-13 18:34:25',	'1',	'1',	NULL,	NULL,	'1',	'1',	'1',	'1',	'07',	11,	'DL',	'0',	'0',	'0',	'0',	'1',	NULL,	NULL,	NULL,	NULL,	0,	NULL),
(42,	121,	'A1 Bazaar',	'a1bazaar',	100,	737,	'SOUTH DELHI',	'110019,110024,110065',	'Ground Floor, F 252B, Sant Nagar, East of Kailash, New Delhi',	'28.55584',	'77.24990',	'a1bazaarsn@gmail.com',	'1234567890',	'9873068008',	'A1001',	'Prashant',	'1612369617a1b.png',	2,	'0',	NULL,	1612369617,	'2021-06-08 04:44:54',	'0',	'1',	NULL,	NULL,	'1',	'1',	'1',	'1',	'07',	11,	'DL',	'0',	'0',	'0',	'0',	'1',	NULL,	NULL,	NULL,	NULL,	0,	NULL),
(43,	122,	'VEGIZA',	'vegiza',	100,	737,	'SOUTH DELHI',	'110017,110019,110020',	'D-772, Lower Ground Floor, Fish Market, Basement Chitranjan Park, New Delhi',	'28.5371464',	'77.2530803',	'vegiza.vegiza@gmail.com',	'1234567890',	'9570195701',	'SD001',	'Ms Gunjan',	NULL,	2,	'0',	NULL,	1612622055,	'2021-06-08 04:44:17',	'0',	'1',	NULL,	NULL,	'1',	'1',	'1',	'1',	'07',	11,	'DL',	'0',	'0',	'0',	'0',	'1',	NULL,	NULL,	NULL,	NULL,	0,	NULL),
(44,	124,	'Digree Haat',	'digreehaat',	100,	737,	'SOUTH DELHI',	'110074',	'A - 244, Opposite Chattarpur Metro Station, Mehrauli-Gurgaon Road',	'28.507914848334725',	'77.17666120000001',	'shopdigree@gmail.com',	'1234567890',	'9311826777',	'001',	'Rajesh',	NULL,	2,	'0',	NULL,	1613817718,	'2021-02-20 10:41:58',	'1',	'1',	NULL,	NULL,	'1',	'1',	'1',	'1',	'07',	11,	'DL',	'0',	'0',	'0',	'0',	'1',	NULL,	NULL,	NULL,	NULL,	0,	NULL),
(46,	127,	'HONEY MONEY TOP',	'hmt1',	100,	737,	'NEW DELHI',	'110014,110019,110022,110025,110065,110070,110076',	'9 A&B, New Friends Colony, Main Road, New Delhi 110065',	'28.571377',	'77.267108',	'hmtnfc@honeymoneytop.com',	'1234567890',	'7291970052',	'HMT01',	'Vinod',	'1622619288logo.jpeg',	2,	'5',	'MAHABCHAT',	1614173458,	'2022-04-11 12:15:46',	'1',	'1',	'en',	NULL,	'1',	'1',	'1',	'1',	'07',	11,	'DL',	'0',	'0',	'0',	'0',	'1',	NULL,	NULL,	NULL,	NULL,	0,	NULL),
(48,	133,	'Home Fresh Mart',	'hfm',	100,	737,	'SOUTH WEST DELHI',	'110074',	'540, Chandan Hulla, PNB Building',	'28.46493',	'77.18617',	'ankit2018@gmail.com',	'1234567890',	'9891180049',	'SW001',	'Ankit',	'1635282651HFM_LAUNCHER copy.png',	2,	'0',	NULL,	1615439877,	'2022-05-03 18:23:25',	'1',	'1',	NULL,	'07BESPC6592Q1ZI',	'1',	'1',	'1',	'1',	'07',	11,	'DL',	'0',	'0',	'0',	'0',	'1',	NULL,	NULL,	NULL,	NULL,	0,	NULL),
(49,	31,	'We Marche',	'wemarche',	100,	737,	'SOUTH WEST DELHI',	'110016,11074',	'F 97 1 St Floor',	'28.35678',	'82.56789',	'avinash25oct@gmail.com',	'1234567890',	'9650861174',	'WM1',	'Avinash',	NULL,	2,	'0',	NULL,	1620829149,	'2021-10-11 14:26:13',	'1',	'1',	NULL,	NULL,	'1',	'1',	'1',	'1',	'07',	11,	'DL',	'0',	'0',	'0',	'0',	'1',	NULL,	NULL,	NULL,	NULL,	0,	NULL),
(50,	117,	'Sabka Bazaar',	'sabkabazaar',	100,	739,	'FARIDABAD',	'121003,121013',	'Faridabad',	'28.395403',	'77.315292',	'awdheshjha@gmail.com',	'1234567890',	'7834834333',	'001',	'Awdhesh Jha',	'1622873344launcher_icon.png',	2,	'0',	NULL,	1622873344,	'2021-06-05 06:09:04',	'1',	'1',	NULL,	NULL,	'1',	'1',	'1',	'1',	'07',	11,	'DL',	'0',	'0',	'0',	'0',	'1',	NULL,	NULL,	NULL,	NULL,	0,	NULL),
(51,	136,	'Taazi Bhaaji',	'taazibhaaji',	100,	739,	'FARIDABAD',	'121003,121013',	'Roshan Nagar',	'28.48845',	'77.33995',	'plantechinstruments@gmail.com',	'1234567890',	'8745030860',	'001',	'Pankaj Kumar',	'1624204352images.jpeg',	2,	'0',	NULL,	1624204045,	'2021-06-20 21:22:32',	'1',	'1',	NULL,	NULL,	'1',	'1',	'1',	'1',	'07',	11,	'DL',	'0',	'0',	'0',	'0',	'1',	NULL,	NULL,	NULL,	NULL,	0,	NULL),
(52,	127,	'HONEY MONEY TOP',	'hmt3',	100,	737,	'SOUTH DELHI',	'110016,110017,110030,110047,110057,110062,110068,110070,110074',	'Chhatarpur',	'28.487474',	'77.186836',	'hmtchat@honeymoneytop.com',	'1234567890',	'9650866161',	'HMT02',	'Rajan',	'1625307150launcher_1024x.png',	2,	'5',	'MAHABCHAT',	1625307150,	'2022-04-11 12:15:25',	'1',	'1',	NULL,	NULL,	'1',	'1',	'1',	'1',	'07',	11,	'DL',	'0',	'0',	'0',	'0',	'1',	NULL,	NULL,	NULL,	NULL,	0,	NULL),
(53,	127,	'HONEY MONEY TOP',	'hmt4',	100,	739,	'GURGAON',	'122006,122008,122015,122016,122017,110061',	'Sector 23 Gurugram',	'28.510378',	'77.048706',	'ggn23@honeymoneytop.com',	'1234567890',	'7065844826',	'HMTGGN23',	'Ajay Kumar',	'1625650564launcher_1024x.png',	1,	'5',	'MAHABCHAT',	1625650564,	'2023-04-06 12:15:30',	'1',	'1',	'en',	NULL,	'1',	'1',	'1',	'1',	'07',	11,	'DL',	'0',	'0',	'0',	'0',	'1',	NULL,	NULL,	NULL,	NULL,	0,	NULL),
(54,	127,	'HONEY MONEY TOP',	'hmt5',	100,	739,	'GURGAON',	'122001,122003,122006,122011,122015,122018',	'Sector 15 Gurugram',	'28.4577950',	'77.0443491',	'ggn15@honeymoneytop.com',	'1234567890',	'7290064983',	'HMTGGN15',	'Pradeep Kumar',	'1625654496launcher_1024x.png',	2,	'5',	'MAHABCHAT',	1625654496,	'2022-04-11 12:14:48',	'1',	'1',	NULL,	NULL,	'1',	'1',	'1',	'1',	'07',	11,	'DL',	'0',	'0',	'0',	'0',	'1',	NULL,	NULL,	NULL,	NULL,	0,	NULL),
(55,	127,	'HONEY MONEY TOP',	'hmt6',	100,	739,	'GURGAON',	'122001,122002,122003,122008,122010,122018,122101,122102,122103,122413',	'Sector 63 Gurugram',	'28.400730',	'77.091934',	'hmtparas@honeymoneytop.com',	'1234567890',	'9999381808',	'HMTGGN63',	'Mayank',	'1625665758launcher_1024x.png',	2,	'5',	'MAHABCHAT',	1625665758,	'2022-12-28 12:35:56',	'1',	'1',	NULL,	NULL,	'1',	'1',	'1',	'1',	'07',	11,	'DL',	'0',	'0',	'0',	'0',	'1',	NULL,	NULL,	NULL,	NULL,	0,	NULL),
(56,	139,	'AV Essentials',	'avessentials',	100,	737,	'SOUTH DELHI',	'110030,110070',	'Ghitorini',	'28.35678',	'77.148743',	'avessentialsghitorni@gmail.com',	'1234567890',	'8076452623',	'AVEGH01',	'Vishal',	NULL,	2,	'0',	NULL,	1626512257,	'2021-07-25 19:14:29',	'1',	'1',	NULL,	NULL,	'1',	'1',	'1',	'1',	'07',	11,	'DL',	'0',	'0',	'0',	'0',	'1',	NULL,	NULL,	NULL,	NULL,	0,	NULL),
(57,	127,	'HONEY MONEY TOP',	'hmt7',	100,	737,	'SOUTH DELHI',	'110016,110017,110030,110062,110068',	'Saket',	'28.522584125714424',	'77.20733475233975',	'hmtskt@gmail.com',	'1234567890',	'7291975302',	'HMTSKT',	'Komal',	'1629566504Skype_Picture_2021_06_24T11_04_03_269Z.jpeg',	1,	'5',	'MAHABCHAT',	1629566504,	'2023-01-31 11:07:27',	'0',	'1',	NULL,	NULL,	'1',	'1',	'1',	'1',	'07',	11,	'DL',	'0',	'0',	'0',	'0',	'1',	NULL,	NULL,	NULL,	NULL,	0,	NULL),
(58,	142,	'GDEES Supermart',	'gdees',	100,	737,	'SOUTH DELHI',	'110016,110017,110030,110068',	'IGNOU ROAD',	'28.5025',	'77.1988',	'sanjayatsilveraxe@gmail.com',	'1234567890',	'9810220478',	'GDEES01',	'Goyal Agency',	'1632053944launcher_gdees.png',	1,	'4.85',	'MAHABACHAT',	1630948951,	'2022-09-04 12:45:53',	'1',	'1',	NULL,	'07AWHPA6702A1Z8',	'1',	'1',	'1',	'1',	'07',	11,	'DL',	'0',	'0',	'0',	'0',	'1',	NULL,	NULL,	NULL,	NULL,	0,	NULL),
(59,	144,	'Green Grocer',	'greengrocer',	100,	737,	'SOUTH DELHI',	'110070',	'138/9, Kisangarh, New Delhi',	'28.519720294344122',	'77.16273446443672',	'saurav1486@gmail.com',	'1234567890',	'9582040801',	'GGKG01',	'Saurabh',	'1637653790lgg.png',	2,	'0',	NULL,	1635920458,	'2022-06-10 13:32:10',	'1',	'1',	NULL,	NULL,	'1',	'0',	'1',	'1',	'07',	11,	'DL',	'0',	'0',	'0',	'0',	'1',	NULL,	NULL,	NULL,	NULL,	0,	NULL),
(60,	146,	'Anandkand Pure Naturals',	'adrish',	100,	737,	'SOUTH DELHI',	'110001,110002,110003,110004,110005,110006,110007,110008,110009,110010,110011,110012,110013,110014,110015,110016,110017,110018,110019,110020,110021,110022,110023,110024,110025,110026,110027,110028,110029,110030,110031,110032,110033,110034,110035,110036,110037,110038,110039,110040,110041,110042,110043,110044,110045,110046,110047,110048,110049,110051,110052,110053,110054,110055,110056,110057,110058,110059,110060,110061,110062,110063,110064,110065,110066,110067,110068,110069,110070,110071,110072,110073,110074,110075,110076,110077,110078,110080,110081,110082,110083,110084,110085,110086,110087,110088,110089,110090,110091,110092,110093,110094,110095,110096,110097,110099',	'E-34 Opposite DLF Queens Court, Greater Kailash II, Delhi 110048',	'28.539162701695727',	'77.24400596843637',	'adrishgk194@gmail.com',	'1234567890',	'9871225187',	'ADGK01',	'Ajay Bangga',	'1642439354kandavika-adrish.jpeg',	1,	'5',	NULL,	1637384511,	'2022-11-27 16:52:33',	'1',	'1',	NULL,	'07ABUFA3304J1ZC',	'0',	'0',	'1',	'0',	'07',	11,	'DL',	'0',	'0',	'0',	'0',	'1',	NULL,	NULL,	NULL,	NULL,	0,	NULL),
(62,	145,	'STEPS FOREVER',	'prosteps',	100,	739,	'REWARI',	'123401',	'Shop No 112L, Old Court Road Near Gandhi Chowk',	'28.187065134363603',	'76.61990791261582',	'www.stepsforever.com',	'1234567890',	'01141421984',	'PSR',	'Rahul',	'1662027264STEPS LOGO FOR WEB-01.png',	2,	'0',	NULL,	1637576233,	'2023-05-20 11:40:18',	'1',	'1',	NULL,	'06ATWPK3779K1ZR',	'0',	'1',	'1',	'0',	'06',	14,	'HR',	'0',	'0',	'0',	'0',	'1',	NULL,	NULL,	100.00,	180.00,	0,	NULL),
(63,	147,	'Budget Super Market',	'bsm',	100,	737,	'SOUTH DELHI',	'110030,110038,110047,110070,110074',	'D-2, Chhattarpur Enclave, Opp YEs Bank',	'28.500979',	'77.183686',	'budgetsupermarketrp@gmail.com',	'1234567890',	'9811642382',	'BSM001',	'Vickey Singh',	'1641106650bdg_ll.png',	1,	'5',	'BDMFIRST',	1639989692,	'2022-01-02 12:27:30',	'1',	'1',	NULL,	NULL,	'1',	'1',	'1',	'1',	'07',	11,	'DL',	'0',	'0',	'0',	'0',	'1',	NULL,	NULL,	NULL,	NULL,	0,	NULL),
(64,	145,	'STEPS Forever',	'prosteps2',	100,	737,	'WEST DELHI',	'110078',	'G-1 Ground Floor Plot no -10 Vardhman Gee Dee Plaza Sector -12 Dwarka',	'28.5955',	'77.048491',	'dps350@rediffmail.com',	'1234567890',	'011-45151206',	'DPS',	'Parveen',	NULL,	1,	'5',	NULL,	1640252133,	'2023-05-20 11:39:56',	'1',	'1',	NULL,	'07ATWPK3779K1ZP',	'0',	'1',	'1',	'0',	'07',	11,	'DL',	'0',	'0',	'0',	'0',	'1',	NULL,	NULL,	100.00,	200.00,	0,	NULL),
(65,	145,	'STEPS Forever',	'prosteps3',	100,	737,	'EAST DELHI',	'110091',	'A-10 Lower Ground Floor Acharya Niketan Mayur Vihar Phase-1',	'28.607596089730485',	'77.29522950749593',	'psm350@rediffmail.com',	'1234567890',	'011-42509243',	'PSM',	'Kapil Kumar',	'1646890537bill_81.png',	1,	'5',	NULL,	1640255036,	'2023-05-20 10:22:17',	'1',	'1',	NULL,	'07ATWPK3779K1ZP',	'0',	'1',	'1',	'0',	'07',	11,	'DL',	'0',	'0',	'0',	'0',	'1',	NULL,	NULL,	100.00,	500.00,	0,	NULL),
(66,	145,	'STEPS Forever',	'prosteps4',	100,	739,	'GURGAON',	'122017',	'SCO-42 Sector-23 Gurugram',	'28.512612862529235',	'77.04807925116839',	'psg350@rediffmail.com',	'1234567890',	'0124-4205208',	'PSG',	'Chander Singh Mehta',	NULL,	1,	'5',	NULL,	1640258964,	'2023-05-20 11:38:27',	'1',	'1',	NULL,	'06ATWPK3779K1ZR',	'0',	'1',	'1',	'0',	'06',	14,	'HR',	'0',	'0',	'0',	'0',	'1',	NULL,	NULL,	100.00,	860.00,	0,	NULL),
(67,	145,	'STEPS Forever',	'prosteps5',	100,	739,	'SONIPAT',	'131001',	'Shop No-207L, Atlas Road Model Town Sonipat',	'28.984257505657705',	'77.02092602835401',	'psh350@rediffmail.com',	'1234567890',	'0130-2247714',	'PSH',	'Sunil Kumar',	NULL,	1,	'5',	NULL,	1640260887,	'2022-10-26 14:18:59',	'1',	'1',	NULL,	'06ATWPK3779K1ZR',	'0',	'1',	'1',	'1',	'06',	14,	'HR',	'0',	'0',	'0',	'0',	'1',	NULL,	NULL,	100.00,	300.00,	0,	NULL),
(68,	145,	'STEPS Forever',	'prosteps6',	100,	739,	'GURGAON',	'122001',	'Sector-14 old Delhi road Gurugram',	'28.47882292476801',	'77.04646010066423',	'gps350@rediffmail.com',	'1234567890',	'0124 4229542',	'GPS',	'Pradeep',	'1662027216STEPS LOGO FOR WEB-01.png',	1,	'5',	NULL,	1640262042,	'2023-05-20 10:35:09',	'1',	'1',	NULL,	'06ATWPK3779K1ZR',	'0',	'1',	'1',	'0',	'06',	14,	'HR',	'0',	'0',	'0',	'0',	'1',	NULL,	NULL,	100.00,	600.00,	0,	NULL),
(69,	149,	'Daily Essentials',	'dailyessentials',	100,	755,	'GAUTAM BUDDHA NAGAR',	'201301,201303,201304,201305,201306,201307,201309',	'Sector 104, Noida, Uttar Pradesh 201304',	'28.5391',	'77.3655',	'smartbizsolutionsnoida@gmail.com',	'1234567890',	'9911329581',	'DEN',	'Praveen',	'16446584312738865E-F5A8-4137-A54D-BEAC97B0054A.png',	1,	'5',	'DEN50',	1644658431,	'2022-06-27 12:23:34',	'1',	'1',	NULL,	NULL,	'1',	'1',	'1',	'1',	'07',	11,	'DL',	'0',	'0',	'0',	'0',	'1',	NULL,	NULL,	NULL,	NULL,	0,	NULL),
(70,	150,	'Rahim\'s Kwik Grocer',	'kwikgrocer',	100,	737,	'SOUTH DELHI',	'110074',	'183/3, Ground Floor, Main Road Chandanhola',	'28.4673488',	'77.1867',	'kwikgrocer@gmail.com',	'1234567890',	'9873242405',	'KW01',	'Aakash',	NULL,	1,	'5',	NULL,	1646911805,	'2022-04-04 14:07:10',	'1',	'1',	NULL,	'07AAKCR2665M1Zt',	'1',	'1',	'1',	'1',	'07',	11,	'DL',	'0',	'0',	'0',	'0',	'1',	NULL,	NULL,	NULL,	NULL,	0,	NULL),
(71,	157,	'ericas bakery',	'ericas_bakery',	100,	737,	'SOUTH DELHI',	'110074',	'18/9, PNB Building, Chandan Hulla, Chattarpur',	'28.4652',	'77.1863',	'ankit@ericasbakery.in',	'1234567890',	'9711002749',	'EB01',	'Ankit',	'1665484149er1_LKDN.png',	1,	'5',	NULL,	1665484149,	'2022-10-21 10:41:42',	'1',	'1',	NULL,	'07AMRPJ4058J1ZL',	'1',	'1',	'1',	'1',	'07',	11,	'DL',	'0',	'0',	'0',	'0',	'1',	NULL,	NULL,	NULL,	NULL,	0,	NULL),
(72,	146,	'Chaina Ram',	'chainaram',	100,	737,	'SOUTH DELHI',	'110016,110017,110019,110048',	'E-34, Greater Kailash Part 2, New Delhi 110048',	'28.5380',	'77.2440',	'chainaramsouthdelhi@gmail.com',	'1234567890',	'8178781833',	'CRSD',	'Sanjay Banga',	'1665660956CHAINA RAM LOGO-01.jpg',	1,	'5',	NULL,	1665660956,	'2022-10-13 11:36:35',	'1',	'0',	NULL,	'07ABUFA3304J1ZC',	'1',	'1',	'1',	'1',	'07',	11,	'DL',	'0',	'0',	'0',	'0',	'1',	NULL,	NULL,	NULL,	NULL,	0,	NULL),
(73,	146,	'Chaina Ram',	'chainaram',	100,	737,	'SOUTH DELHI',	'110016,110017,110019,110048',	'E-34, Greater Kailash Part 2, New Delhi 110048',	'28.5380',	'77.2440',	'chainaramsouthdelhi@gmail.com',	'1234567890',	'8178781833',	'CRSD',	'Sanjay Banga',	'1665660980CHAINA RAM LOGO-01.jpg',	1,	'5',	NULL,	1665660980,	'2022-10-13 11:36:20',	'1',	'1',	NULL,	'07ABUFA3304J1ZC',	'1',	'1',	'1',	'1',	'07',	11,	'DL',	'0',	'0',	'0',	'0',	'1',	NULL,	NULL,	NULL,	NULL,	0,	NULL),
(74,	158,	'Anandkand Pure Naturals',	'chaina-ram',	100,	737,	'SOUTH DELHI',	'110016,110017,110018,110019,110048,110068,110074',	'E-34, Greater Kailash Part 2, New Delhi 110048',	'28.5380',	'77.2440',	'chainaramsouthdelhi@gmail.com',	'1234567890',	'8527621010',	'CRSD1',	'Sanjay Banga',	'1665667245CHAINA RAM LOGO-01.jpg',	1,	'5',	NULL,	1665667245,	'2022-11-18 13:47:02',	'1',	'1',	NULL,	'07ABUFA3304J1ZC',	'1',	'1',	'1',	'1',	'07',	11,	'DL',	'0',	'0',	'0',	'0',	'1',	NULL,	NULL,	NULL,	180.00,	0,	NULL),
(75,	145,	'Liberty',	'liberty',	100,	739,	'GURGAON',	'122001',	'Old Delhi Road Sectore-14 Opposite Vishal Mega Mart Gurgaon-122001',	'28.4794',	'77.0462',	'lgps350@rediffmail.com',	'1234567890',	'0124-403533',	'LGPS',	'Birendra Singh',	NULL,	1,	'5',	NULL,	1666790736,	'2022-10-26 14:18:23',	'1',	'1',	NULL,	'06ATWPK3779K1ZR',	'0',	'0',	'0',	'0',	'06',	14,	'HR',	'0',	'0',	'0',	'0',	'1',	NULL,	NULL,	NULL,	NULL,	0,	NULL),
(76,	145,	'Liberty',	'liberty-rohtak',	100,	739,	'ROHTAK',	'124001',	'Delhi Road Mansarovar Park Rohtak -124001',	'28.8943',	'76.5978',	'rps350@rediffmail.com',	'1234567890',	'01262-271744',	'RPS',	'Shashi',	NULL,	1,	'5',	NULL,	1666791182,	'2022-10-26 14:18:06',	'1',	'1',	NULL,	'06ATWPK3779K1ZR',	'0',	'0',	'0',	'0',	'06',	14,	'HR',	'0',	'0',	'0',	'0',	'1',	NULL,	NULL,	NULL,	NULL,	0,	NULL),
(77,	145,	'Liberty',	'liberty-najafgarh',	100,	737,	'WEST DELHI',	'110043',	'Shop-No-Rz A7 Laxhmi Garden Uttam Nagar Road Nazafgarh -110043',	'28.5952',	'77.0478',	'nps350@rediffmail.com',	'1234567890',	'9958658133',	'NPS',	'Kundan',	NULL,	1,	'5',	NULL,	1666791942,	'2022-10-26 13:45:59',	'1',	'1',	NULL,	'07ATWPK3779K1ZP',	'0',	'0',	'0',	'0',	'07',	11,	'DL',	'0',	'0',	'0',	'0',	'1',	NULL,	NULL,	NULL,	NULL,	0,	NULL),
(78,	145,	'Liberty',	'liberty-ambala',	100,	739,	'AMBALA',	'134003',	'Shp No-1191/434 Ambala Haryana-134003',	'30.3746',	'76.7860',	'aps350@rediffmail.com',	'1234567890',	'0171-4025706',	'APS',	'Neeraj',	NULL,	1,	'5',	NULL,	1666792305,	'2022-10-26 14:17:50',	'1',	'1',	NULL,	'06ATWPK3779K1ZR',	'0',	'0',	'0',	'0',	'06',	14,	'HR',	'0',	'0',	'0',	'0',	'1',	NULL,	NULL,	NULL,	NULL,	0,	NULL),
(79,	145,	'Liberty',	'liberty-rewari',	100,	739,	'REWARI',	'123401',	'Shp No-112L Old Court Road Near Ghandi Chowk Rewari,Haryan-123401',	'28.1870',	'76.6198',	'hsp350@rediffmail.com',	'1234567890',	'9817658471',	'HSP',	'Abhishek',	NULL,	1,	'5',	NULL,	1666793760,	'2022-10-26 14:17:33',	'1',	'1',	NULL,	'06ATWPK3779K1ZR',	'0',	'0',	'0',	'0',	'06',	14,	'HR',	'0',	'0',	'0',	'0',	'1',	NULL,	NULL,	NULL,	NULL,	0,	NULL),
(80,	145,	'Liberty',	'liberty-jhajjar',	100,	739,	'JHAJJAR',	'124103',	'Property No - 795 Old Bus Stand Road ,Near Chikara Chowk Jhajjar-124103',	'28.6152',	'76.6466',	'lpsr350@gmail.com',	'1234567890',	'0125-1252220',	'LPSR',	'Ramphal',	NULL,	1,	'5',	NULL,	1666794240,	'2022-10-26 14:24:55',	'1',	'1',	NULL,	'06ATWPK3779K1ZR',	'0',	'0',	'0',	'0',	'06',	14,	'HR',	'0',	'0',	'0',	'0',	'1',	NULL,	NULL,	NULL,	NULL,	0,	NULL),
(81,	145,	'Liberty',	'liberty-bhiwani',	100,	739,	'BHIWANI',	'127021',	'Baba Nagar Meham Gate, Near Chugh Hospital Bhiwani, Haryana -127021',	'28.6458',	'76.6564',	'bps350@rediffmail.com',	'1234567890',	'0166-4218169',	'BPS',	'Rajender',	NULL,	1,	'5',	NULL,	1666794599,	'2022-10-26 14:30:44',	'1',	'1',	NULL,	'06ATWPK3779K1ZR',	'0',	'0',	'0',	'0',	'06',	14,	'HR',	'0',	'0',	'0',	'0',	'1',	NULL,	NULL,	NULL,	NULL,	0,	NULL),
(82,	145,	'Skechers',	'skechers',	100,	737,	'WEST DELHI',	'110064',	'Gl-19 Old No -Wz 307 , G-Block Hari Nagar Delhi -110064',	'28.6305',	'77.1000',	'jps350@rediffmail.com',	'1234567890',	'011-47300300',	'JPS',	'Devendra Bisht',	NULL,	2,	'5',	NULL,	1666795070,	'2022-10-26 14:38:10',	'1',	'1',	NULL,	'07AINPD6212C1ZQ',	'0',	'0',	'0',	'0',	'07',	11,	'DL',	'0',	'0',	'0',	'0',	'1',	NULL,	NULL,	NULL,	NULL,	0,	NULL),
(83,	145,	'Skechers',	'skechers-najafgarh',	100,	737,	'WEST DELHI',	'110043',	'A/2-A, A/2-B Laxmi Garden Najafgarh Delhi - 110043',	'28.6127',	'76.9897',	'psn350@rediffmail.com',	'1234567890',	'9999965775',	'PSN',	'Rahul Mishra',	NULL,	1,	'5',	NULL,	1666795410,	'2022-10-26 14:43:45',	'1',	'1',	NULL,	'07AINPD6212C1ZQ',	'0',	'0',	'0',	'0',	'07',	11,	'DL',	'0',	'0',	'0',	'0',	'1',	NULL,	NULL,	NULL,	NULL,	0,	NULL),
(84,	145,	'Skechers',	'skechers-gurugram',	100,	739,	'GURGAON',	'122001',	'Shop No-2 Old Delhi Road Sectore-14 Opposite Vishal Mega Mart Gurgaon-122001',	'28.4788',	'77.0463',	'pss350@rediffmail.com',	'1234567890',	'0124-4223234',	'PSS',	'Ram Murat Yadav',	NULL,	1,	'5',	NULL,	1666795783,	'2022-10-26 14:50:58',	'1',	'1',	NULL,	'06AINPD6212C1ZS',	'0',	'0',	'0',	'0',	'06',	14,	'HR',	'0',	'0',	'0',	'0',	'1',	NULL,	NULL,	NULL,	NULL,	0,	NULL),
(85,	145,	'Skechers',	'skechers-sirsa',	100,	739,	'SIRSA',	'125055',	'Srs/B02/713 Old House Tax 2/555 Hisariya Bazaar Sirsa Haryana - 125055',	'29.5322',	'75.0317',	'sps350@rediffmail.com',	'1234567890',	'0166-6232222',	'SPS',	'Arvind Singh',	NULL,	1,	'5',	NULL,	1666796122,	'2022-10-26 20:47:01',	'1',	'1',	NULL,	'06AINPD6212C1ZS',	'0',	'0',	'0',	'0',	'06',	14,	'HR',	'0',	'0',	'0',	'0',	'1',	NULL,	NULL,	NULL,	NULL,	0,	NULL),
(86,	159,	'Gogia\'s Cafe',	'gogiascafe',	100,	739,	'FARIDABAD',	'121004',	'SCO No 129, OMAXE STREET, Faridabad',	'28.3864',	'77.3546',	'gogiascafe@gmail.com',	'1234567890',	'8813955590',	'WS1',	'Ankur Gupta',	NULL,	1,	'5',	NULL,	1669437024,	'2022-11-26 04:30:24',	'1',	'1',	NULL,	'06BGYPG9097A2ZW',	'1',	'1',	'1',	'1',	'07',	11,	'DL',	'0',	'0',	'0',	'0',	'1',	NULL,	NULL,	NULL,	NULL,	0,	NULL),
(87,	160,	'DelBite Cafe & Eatery',	'delibite',	100,	737,	'NEW DELHI',	'110005,110055',	'3-E2, Jhandewalan Extension, New Delhi 110005',	'28.6441',	'77.2015',	'delibite@gmail.com',	'1234567890',	'8146006659',	'DB01',	'Karan Kumar',	'1669636192DeliBite_500x500.png.png',	1,	'5',	NULL,	1669630966,	'2022-11-28 12:08:54',	'1',	'1',	NULL,	'07CTTPK9088G1ZT',	'1',	'1',	'1',	'1',	'07',	11,	'DL',	'0',	'0',	'0',	'0',	'1',	NULL,	NULL,	NULL,	NULL,	0,	NULL),
(88,	145,	'Liberty',	'LPSG',	100,	739,	'GURGAON',	'122017',	'Huda, Sector 23, Gurugram, Haryana 122017',	'28.5121',	'77.0475',	'psg350@rediffmail.com',	'1234567890',	'01244205208',	'LPSG',	'Chander Singh Mehta',	NULL,	1,	'5',	NULL,	1669880297,	'2022-12-01 07:38:17',	'1',	'1',	NULL,	'06ATWPK3779K1ZR',	'1',	'1',	'1',	'1',	'07',	11,	'DL',	'0',	'0',	'0',	'0',	'1',	NULL,	NULL,	NULL,	NULL,	0,	NULL),
(89,	145,	'Liberty',	'ldps',	100,	737,	'NEW DELHI',	'110078',	'GROUND FLOOR,PLOT.NO-10, VARDHMAAN GEE DEE PLAZA, near AGRWAL MARKET, Sector 12 Dwarka, Dwarka, Delh',	'28.5959',	'77.0477',	'ldps350@rediffmail.com',	'1234567890',	'01145151206',	'LDPS',	'PRAVEEN SINGH',	NULL,	1,	'5',	NULL,	1669881453,	'2022-12-01 07:57:33',	'1',	'1',	NULL,	'07ATWPK3779K1ZP',	'1',	'1',	'1',	'1',	'07',	11,	'DL',	'0',	'0',	'0',	'0',	'1',	NULL,	NULL,	NULL,	NULL,	0,	NULL),
(90,	145,	'Liberty',	'lpsm',	100,	737,	'NEW DELHI',	'110091',	'SHOP - A-10, Block C, Acharya Niketan, Mayur Vihar, Delhi, 110091',	'28.6098',	'77.2938',	'lpsm350@rediffmail.com',	'1234567890',	'01142509243',	'LPSM',	'KAPIL KUMAR',	NULL,	1,	'5',	NULL,	1669883239,	'2022-12-01 08:27:19',	'1',	'1',	NULL,	'07ATWPK3779K1ZP',	'1',	'1',	'1',	'1',	'07',	11,	'DL',	'0',	'0',	'0',	'0',	'1',	NULL,	NULL,	NULL,	NULL,	0,	NULL),
(91,	145,	'Liberty',	'lpsh',	100,	739,	'SONIPAT',	'131001',	'SHOP NO, 207 L, Atlas Rd, Model Town, Sonipat, Haryana 131001',	'28.9842',	'77.0210',	'lpsh350@rediffmail.com',	'1234567890',	'01302247714',	'LPSH',	'SUNIL KUMAR',	NULL,	1,	'5',	NULL,	1669883975,	'2022-12-01 08:39:35',	'1',	'1',	NULL,	'06ATWPK3779K1ZR',	'1',	'1',	'1',	'1',	'07',	11,	'DL',	'0',	'0',	'0',	'0',	'1',	NULL,	NULL,	NULL,	NULL,	0,	NULL),
(92,	161,	'Circle Mart',	'circlemart',	100,	737,	'SOUTH DELHI',	'110019',	'F-1, LGF, Kalkaji, New Delhi 110019',	'28.5421',	'77.2530',	'info.circlemart@gmail.com',	'1234567890',	'8882056180',	'CC01',	'Santosh',	NULL,	1,	'5',	NULL,	1669892561,	'2022-12-01 11:02:41',	'1',	'1',	NULL,	'07AARFC2324G1ZK',	'1',	'1',	'1',	'1',	'07',	11,	'DL',	'0',	'0',	'0',	'0',	'1',	NULL,	NULL,	NULL,	NULL,	0,	NULL),
(93,	145,	'STEPS Forever',	'sfz',	100,	751,	'CHANDIGHAR',	'140103',	'Shop No 2, LGF, SS Emporium Plaza, ZirakpurNH-21, Singhpur Chowk',	'30.6285',	'76.8233',	'pinkysales@rediffmail.com',	'1234567890',	'9650861174',	'SFZ',	'Avinash',	NULL,	1,	'5',	NULL,	1671775968,	'2022-12-23 06:13:48',	'1',	'1',	NULL,	'03ATWPK3779K1ZX',	'0',	'0',	'0',	'0',	'03',	29,	'PB',	'0',	'0',	'0',	'0',	'1',	NULL,	NULL,	NULL,	NULL,	0,	NULL),
(94,	162,	'Montbold',	'mb',	100,	737,	'NEW DELHI',	'110001,110002,110003,110004,110005,110006,110007,110008,110009,110010,110011,110012,110013,110014,110015,110016,110017,110018,110019,110020,110021,110022,110023,110024,110025,110026,110030,110031,110032,110033,110034,110035,110036,110037,110038,110039,110044,110053,110054,110055,110056,110060,110064,110066,110072,110092',	'Karol Bagh, New Delhi',	'28.6562',	'77.2036',	'javed@montbold.com',	'1234567890',	'9971805979',	'MB1',	'Gulab',	'1672736947mb.png',	1,	'5',	NULL,	1672730503,	'2023-05-08 10:26:00',	'1',	'1',	NULL,	'07ADVPJ0017G1ZO',	'1',	'1',	'1',	'1',	'07',	11,	'DL',	'0',	'0',	'0',	'0',	'1',	NULL,	NULL,	NULL,	NULL,	0,	NULL),
(95,	163,	'Star Cafe',	'starcafe',	100,	755,	'GAUTAM BUDDHA NAGAR',	'201301,201309,201318,110016,110018',	'Fortis Hospital, Sector 62, NOIDA',	'28.6187',	'77.3725',	'starcafe@starcafe.live',	'1234567890',	'8076893368',	'STARCAFE1',	'Avinash',	'1673083973PHOTO-2023-01-07-13-55-14.jpg',	1,	'5',	NULL,	1673083901,	'2023-01-10 07:41:32',	'1',	'1',	NULL,	'09BCNPK5455K1ZZ',	'1',	'1',	'1',	'1',	'07',	11,	'DL',	'0',	'0',	'0',	'0',	'1',	NULL,	NULL,	NULL,	NULL,	0,	NULL),
(96,	164,	'Chaina Ram Sindhi Halwai',	'chainaramofficial',	100,	737,	'CENTRAL DELHI',	'110001,110002,110003,110004,110005,110006,110007,110008,110009,110010,110011',	'6499, Ground Floor, Katra Beriyan, Fatehpuri, Chandi Chowk',	'28.6568',	'77.2231',	'cs@chainaram.in',	'1234567890',	'9899114416',	'CRSH1',	'Kunal Balani',	'1673433727CHAINA RAM LOGO-01.png',	1,	'5',	NULL,	1673433727,	'2023-01-11 10:42:07',	'1',	'1',	NULL,	NULL,	'1',	'1',	'1',	'1',	'07',	11,	'DL',	'0',	'0',	'0',	'0',	'1',	NULL,	NULL,	NULL,	NULL,	0,	NULL),
(97,	165,	'M/S OPEN BOX INC',	'neverowned',	100,	737,	'SOUTH DELHI',	'110074',	'16, Chandan Hulla, Chattarpur Main Road, Delhi, Code 07',	'28.4689',	'77.1873',	'info@neverowned.in',	'1234567890',	'9911163300',	'OP1',	'Raju Kumar',	NULL,	1,	'5',	NULL,	1673953764,	'2023-05-08 17:41:18',	'1',	'1',	NULL,	'07AAHF09636R1ZA',	'1',	'1',	'1',	'1',	'07',	11,	'DL',	'0',	'0',	'1',	'0',	'1',	NULL,	NULL,	NULL,	NULL,	0,	NULL),
(98,	145,	'PINKY SALES',	'https://store.rewardsplus.in/psz/',	100,	751,	'CHANDIGHAR',	'140103',	'Shop No.-2, Lower Ground Floor. NH-21 Singhpur Chowk, SS Emporio Plaza, Zirakpur-140103, Punjab',	'30.6284',	'76.8235',	'psz350@rediffmail.com',	'1234567890',	'01762-516598',	'PSZ',	'Chotu Prasad',	NULL,	1,	'5',	NULL,	1674631360,	'2023-01-25 07:44:31',	'1',	'1',	NULL,	'03ATWPK3779K1ZX',	'1',	'1',	'1',	'1',	'07',	11,	'DL',	'0',	'0',	'0',	'0',	'1',	NULL,	NULL,	NULL,	NULL,	0,	NULL),
(99,	145,	'PINKY SALES',	'https://store.rewardsplus.in/hhk/',	100,	739,	'HISAR',	'125001',	'Shop No.-28, Block A, NH-10, Delhi Road, Qutubpur, Hansi - 125001, Hisar',	'29.0994',	'75.9639',	'hhk350@rediffmail.com',	'1234567890',	'8750569303',	'HHK',	'Harish Ram',	NULL,	1,	'5',	NULL,	1674631834,	'2023-01-25 07:34:31',	'1',	'1',	NULL,	'06ACQPS9100D1ZX',	'1',	'1',	'1',	'1',	'07',	11,	'DL',	'0',	'0',	'0',	'0',	'1',	NULL,	NULL,	NULL,	NULL,	0,	NULL),
(100,	166,	'Knick Knack',	'kk',	100,	737,	'CENTRAL DELHI',	'110005',	'E-1, Jhandewalan Extn, New Delhi, Central Delhi, Delhi, 110055',	'28.646055972283705',	'77.20298060975797',	'knickk8@gmail.com',	'1234567890',	'9999756468',	'KK01',	'Varun Kumar',	NULL,	1,	'5',	'KK30',	1676282678,	'2023-05-15 11:56:38',	'1',	'1',	NULL,	'07CVYPK5122Q1ZO',	'1',	'1',	'1',	'1',	'07',	11,	'DL',	'0',	'0',	'0',	'0',	'1',	NULL,	NULL,	NULL,	NULL,	0,	NULL),
(101,	166,	'Knick Knack Warehouse',	'warehouse',	100,	737,	'NORTH WEST DELHI',	'110018',	'Rz-48A, Nursing Garden,Khyala',	'28.6564',	'77.0982',	'warehousebilling@gmail.com',	'1234567890',	'9891679516',	'KKW1',	'Kisan',	NULL,	2,	'5',	NULL,	1679137317,	'2023-03-18 11:01:57',	'1',	'1',	NULL,	NULL,	'1',	'1',	'1',	'1',	'07',	11,	'DL',	'0',	'0',	'0',	'0',	'1',	NULL,	NULL,	NULL,	NULL,	0,	NULL),
(102,	167,	'Tara Toy',	'taratoys',	100,	737,	'CENTRAL DELHI',	'110001,110002,110003,110004,110005,110006,110007,110008,110009,110010,110011,110012,110013,110014,110015,110016,110017,110018,110019,110020,110021,110022,110023,110024,110025,110026,110027,110028,110029,110030,110031,110032,110033,110034,110035,110036,110037,110038,110039,110040,110041,110042,110043,110044,110045,110046,110047,110048,110049,110051,110052,110053,110054,110055,110056,110057,110058,110059,110060,110061,110062,110063,110064,110065,110066,110067,110068,110069,110070,110071,110072,110073,110074,110075,110076,110077,110078,110080,110081,110082,110084,110085,110086,110087,110088,110089,110090,110091,110092,110093,110094,110095,110096,110097,110099,272206',	'56 A Cycle MarketOpposite Videocon Tower Central Delhi',	'28.6464',	'77.2029',	'taradutt777@yahoo.in',	'1234567890',	'8826476664',	'TSC',	'Ankur',	'168016274301.jpg',	1,	'5',	NULL,	1680161669,	'2023-05-12 11:18:44',	'1',	'1',	NULL,	'07CZOPS3695E1ZP',	'1',	'1',	'1',	'1',	'07',	11,	'DL',	'0',	'0',	'0',	'0',	'1',	NULL,	NULL,	NULL,	NULL,	1,	NULL),
(103,	145,	'Steps Forever Warehouse',	'nwh',	100,	737,	'WEST DELHI',	'110043',	'Shop-No-RZ A7, Laxhmi Garden, Uttam Nagar Road, Nazafgarh',	'28.6127',	'76.9897',	'nwh350@rediffmail.com',	'1234567890',	'8510973897',	'NWH',	'Kundan',	NULL,	1,	'5',	'AWS50',	1681451294,	'2023-04-14 05:48:43',	'1',	'1',	NULL,	'07ATWPK3779K1ZP',	'0',	'0',	'0',	'0',	'07',	11,	'DL',	'0',	'0',	'0',	'0',	'1',	NULL,	NULL,	NULL,	NULL,	0,	NULL),
(104,	168,	'stc',	'stc',	100,	739,	'FARIDABAD',	'121001',	'Plot No 58, Jeevan Nagar, Sector-87, Faridabad',	'25.36',	'75.12',	'bodyshopggn@gmail.com',	'1234567890',	'8810777777',	'STC',	'Pankaj',	NULL,	2,	'5',	NULL,	1681814513,	'2023-04-18 10:41:53',	'1',	'1',	NULL,	NULL,	'1',	'1',	'1',	'1',	'07',	11,	'DL',	'0',	'0',	'0',	'0',	'1',	NULL,	NULL,	NULL,	NULL,	0,	NULL),
(105,	169,	'Happy Zone',	'hz',	100,	737,	'CENTRAL DELHI',	'110055',	'2E, Caxton House, Jhandewalan Extension, New Delhi, 110055',	'28.64',	'77.20',	'arunkkhattar@gmail.com',	'1234567890',	'9650070828',	'HZ1',	'Poonam',	NULL,	1,	'5',	NULL,	1682420416,	'2023-05-03 13:35:32',	'1',	'1',	NULL,	NULL,	'1',	'1',	'1',	'1',	'07',	11,	'DL',	'0',	'0',	'0',	'0',	'1',	NULL,	NULL,	NULL,	NULL,	0,	NULL),
(106,	170,	'Oscar Sweet Shop',	'oscarsweetshop',	100,	737,	'SOUTH DELHI',	'110016,110017,110018,110019',	'F-9, Ground Floor, Katwaria Sarai',	'28.5403',	'77.1863',	'oss@gmail.com',	'1234567890',	'01126526272',	'OSS1',	'Dileep',	'168320059950x50.png',	1,	'5',	NULL,	1683200599,	'2023-05-04 12:34:25',	'1',	'1',	NULL,	'07ATWPK3779K1ZP',	'0',	'0',	'0',	'0',	'07',	11,	'DL',	'0',	'0',	'0',	'0',	'1',	NULL,	NULL,	NULL,	NULL,	0,	NULL),
(107,	171,	'Bombay Bags Novelties',	'bombaybagsnovelties',	100,	737,	'NORTH DELHI',	'110005,110055',	'8745, GROUND FLOOR, SHOP NO.4, KAROL BAGH, SHIDIPURA, North Delhi,, Delhi-110005, India',	'28.6558',	'77.2040',	'bombaybagfactory@gmail.com',	'1234567890',	'9650933786',	'BBN1',	'Adeel',	NULL,	1,	'5',	NULL,	1683528878,	'2023-05-08 06:55:14',	'1',	'1',	NULL,	'07FMSPS2940N1Z3',	'1',	'1',	'1',	'1',	'07',	11,	'DL',	'0',	'0',	'0',	'0',	'1',	NULL,	NULL,	NULL,	NULL,	0,	NULL);

-- 2023-05-20 11:57:58
